sex,status,dept
Male,Admitted,A
Male,Admitted,A
Male,Admitted,A
Male,Admitted,A
Male,Admitted,A
Male,Admitted,A
Male,Admitted,A
Male,Admitted,A
Male,Admitted,A
Male,Admitted,A
Male,Admitted,A
Male,Admitted,A
Male,Admitted,A
Male,Admitted,A
Male,Admitted,A
Male,Admitted,A
Male,Admitted,A
Male,Admitted,A
Male,Admitted,A
Male,Admitted,A
Male,Admitted,A
Male,Admitted,A
Male,Admitted,A
Male,Admitted,A
Male,Admitted,A
Male,Admitted,A
Male,Admitted,A
Male,Admitted,A
Male,Admitted,A
Male,Admitted,A
Male,Admitted,A
Male,Admitted,A
Male,Admitted,A
Male,Admitted,A
Male,Admitted,A
Male,Admitted,A
Male,Admitted,A
Male,Admitted,A
Male,Admitted,A
Male,Admitted,A
Male,Admitted,A
Male,Admitted,A
Male,Admitted,A
Male,Admitted,A
Male,Admitted,A
Male,Admitted,A
Male,Admitted,A
Male,Admitted,A
Male,Admitted,A
Male,Admitted,A
Male,Admitted,A
Male,Admitted,A
Male,Admitted,A
Male,Admitted,A
Male,Admitted,A
Male,Admitted,A
Male,Admitted,A
Male,Admitted,A
Male,Admitted,A
Male,Admitted,A
Male,Admitted,A
Male,Admitted,A
Male,Admitted,A
Male,Admitted,A
Male,Admitted,A
Male,Admitted,A
Male,Admitted,A
Male,Admitted,A
Male,Admitted,A
Male,Admitted,A
Male,Admitted,A
Male,Admitted,A
Male,Admitted,A
Male,Admitted,A
Male,Admitted,A
Male,Admitted,A
Male,Admitted,A
Male,Admitted,A
Male,Admitted,A
Male,Admitted,A
Male,Admitted,A
Male,Admitted,A
Male,Admitted,A
Male,Admitted,A
Male,Admitted,A
Male,Admitted,A
Male,Admitted,A
Male,Admitted,A
Male,Admitted,A
Male,Admitted,A
Male,Admitted,A
Male,Admitted,A
Male,Admitted,A
Male,Admitted,A
Male,Admitted,A
Male,Admitted,A
Male,Admitted,A
Male,Admitted,A
Male,Admitted,A
Male,Admitted,A
Male,Admitted,A
Male,Admitted,A
Male,Admitted,A
Male,Admitted,A
Male,Admitted,A
Male,Admitted,A
Male,Admitted,A
Male,Admitted,A
Male,Admitted,A
Male,Admitted,A
Male,Admitted,A
Male,Admitted,A
Male,Admitted,A
Male,Admitted,A
Male,Admitted,A
Male,Admitted,A
Male,Admitted,A
Male,Admitted,A
Male,Admitted,A
Male,Admitted,A
Male,Admitted,A
Male,Admitted,A
Male,Admitted,A
Male,Admitted,A
Male,Admitted,A
Male,Admitted,A
Male,Admitted,A
Male,Admitted,A
Male,Admitted,A
Male,Admitted,A
Male,Admitted,A
Male,Admitted,A
Male,Admitted,A
Male,Admitted,A
Male,Admitted,A
Male,Admitted,A
Male,Admitted,A
Male,Admitted,A
Male,Admitted,A
Male,Admitted,A
Male,Admitted,A
Male,Admitted,A
Male,Admitted,A
Male,Admitted,A
Male,Admitted,A
Male,Admitted,A
Male,Admitted,A
Male,Admitted,A
Male,Admitted,A
Male,Admitted,A
Male,Admitted,A
Male,Admitted,A
Male,Admitted,A
Male,Admitted,A
Male,Admitted,A
Male,Admitted,A
Male,Admitted,A
Male,Admitted,A
Male,Admitted,A
Male,Admitted,A
Male,Admitted,A
Male,Admitted,A
Male,Admitted,A
Male,Admitted,A
Male,Admitted,A
Male,Admitted,A
Male,Admitted,A
Male,Admitted,A
Male,Admitted,A
Male,Admitted,A
Male,Admitted,A
Male,Admitted,A
Male,Admitted,A
Male,Admitted,A
Male,Admitted,A
Male,Admitted,A
Male,Admitted,A
Male,Admitted,A
Male,Admitted,A
Male,Admitted,A
Male,Admitted,A
Male,Admitted,A
Male,Admitted,A
Male,Admitted,A
Male,Admitted,A
Male,Admitted,A
Male,Admitted,A
Male,Admitted,A
Male,Admitted,A
Male,Admitted,A
Male,Admitted,A
Male,Admitted,A
Male,Admitted,A
Male,Admitted,A
Male,Admitted,A
Male,Admitted,A
Male,Admitted,A
Male,Admitted,A
Male,Admitted,A
Male,Admitted,A
Male,Admitted,A
Male,Admitted,A
Male,Admitted,A
Male,Admitted,A
Male,Admitted,A
Male,Admitted,A
Male,Admitted,A
Male,Admitted,A
Male,Admitted,A
Male,Admitted,A
Male,Admitted,A
Male,Admitted,A
Male,Admitted,A
Male,Admitted,A
Male,Admitted,A
Male,Admitted,A
Male,Admitted,A
Male,Admitted,A
Male,Admitted,A
Male,Admitted,A
Male,Admitted,A
Male,Admitted,A
Male,Admitted,A
Male,Admitted,A
Male,Admitted,A
Male,Admitted,A
Male,Admitted,A
Male,Admitted,A
Male,Admitted,A
Male,Admitted,A
Male,Admitted,A
Male,Admitted,A
Male,Admitted,A
Male,Admitted,A
Male,Admitted,A
Male,Admitted,A
Male,Admitted,A
Male,Admitted,A
Male,Admitted,A
Male,Admitted,A
Male,Admitted,A
Male,Admitted,A
Male,Admitted,A
Male,Admitted,A
Male,Admitted,A
Male,Admitted,A
Male,Admitted,A
Male,Admitted,A
Male,Admitted,A
Male,Admitted,A
Male,Admitted,A
Male,Admitted,A
Male,Admitted,A
Male,Admitted,A
Male,Admitted,A
Male,Admitted,A
Male,Admitted,A
Male,Admitted,A
Male,Admitted,A
Male,Admitted,A
Male,Admitted,A
Male,Admitted,A
Male,Admitted,A
Male,Admitted,A
Male,Admitted,A
Male,Admitted,A
Male,Admitted,A
Male,Admitted,A
Male,Admitted,A
Male,Admitted,A
Male,Admitted,A
Male,Admitted,A
Male,Admitted,A
Male,Admitted,A
Male,Admitted,A
Male,Admitted,A
Male,Admitted,A
Male,Admitted,A
Male,Admitted,A
Male,Admitted,A
Male,Admitted,A
Male,Admitted,A
Male,Admitted,A
Male,Admitted,A
Male,Admitted,A
Male,Admitted,A
Male,Admitted,A
Male,Admitted,A
Male,Admitted,A
Male,Admitted,A
Male,Admitted,A
Male,Admitted,A
Male,Admitted,A
Male,Admitted,A
Male,Admitted,A
Male,Admitted,A
Male,Admitted,A
Male,Admitted,A
Male,Admitted,A
Male,Admitted,A
Male,Admitted,A
Male,Admitted,A
Male,Admitted,A
Male,Admitted,A
Male,Admitted,A
Male,Admitted,A
Male,Admitted,A
Male,Admitted,A
Male,Admitted,A
Male,Admitted,A
Male,Admitted,A
Male,Admitted,A
Male,Admitted,A
Male,Admitted,A
Male,Admitted,A
Male,Admitted,A
Male,Admitted,A
Male,Admitted,A
Male,Admitted,A
Male,Admitted,A
Male,Admitted,A
Male,Admitted,A
Male,Admitted,A
Male,Admitted,A
Male,Admitted,A
Male,Admitted,A
Male,Admitted,A
Male,Admitted,A
Male,Admitted,A
Male,Admitted,A
Male,Admitted,A
Male,Admitted,A
Male,Admitted,A
Male,Admitted,A
Male,Admitted,A
Male,Admitted,A
Male,Admitted,A
Male,Admitted,A
Male,Admitted,A
Male,Admitted,A
Male,Admitted,A
Male,Admitted,A
Male,Admitted,A
Male,Admitted,A
Male,Admitted,A
Male,Admitted,A
Male,Admitted,A
Male,Admitted,A
Male,Admitted,A
Male,Admitted,A
Male,Admitted,A
Male,Admitted,A
Male,Admitted,A
Male,Admitted,A
Male,Admitted,A
Male,Admitted,A
Male,Admitted,A
Male,Admitted,A
Male,Admitted,A
Male,Admitted,A
Male,Admitted,A
Male,Admitted,A
Male,Admitted,A
Male,Admitted,A
Male,Admitted,A
Male,Admitted,A
Male,Admitted,A
Male,Admitted,A
Male,Admitted,A
Male,Admitted,A
Male,Admitted,A
Male,Admitted,A
Male,Admitted,A
Male,Admitted,A
Male,Admitted,A
Male,Admitted,A
Male,Admitted,A
Male,Admitted,A
Male,Admitted,A
Male,Admitted,A
Male,Admitted,A
Male,Admitted,A
Male,Admitted,A
Male,Admitted,A
Male,Admitted,A
Male,Admitted,A
Male,Admitted,A
Male,Admitted,A
Male,Admitted,A
Male,Admitted,A
Male,Admitted,A
Male,Admitted,A
Male,Admitted,A
Male,Admitted,A
Male,Admitted,A
Male,Admitted,A
Male,Admitted,A
Male,Admitted,A
Male,Admitted,A
Male,Admitted,A
Male,Admitted,A
Male,Admitted,A
Male,Admitted,A
Male,Admitted,A
Male,Admitted,A
Male,Admitted,A
Male,Admitted,A
Male,Admitted,A
Male,Admitted,A
Male,Admitted,A
Male,Admitted,A
Male,Admitted,A
Male,Admitted,A
Male,Admitted,A
Male,Admitted,A
Male,Admitted,A
Male,Admitted,A
Male,Admitted,A
Male,Admitted,A
Male,Admitted,A
Male,Admitted,A
Male,Admitted,A
Male,Admitted,A
Male,Admitted,A
Male,Admitted,A
Male,Admitted,A
Male,Admitted,A
Male,Admitted,A
Male,Admitted,A
Male,Admitted,A
Male,Admitted,A
Male,Admitted,A
Male,Admitted,A
Male,Admitted,A
Male,Admitted,A
Male,Admitted,A
Male,Admitted,A
Male,Admitted,A
Male,Admitted,A
Male,Admitted,A
Male,Admitted,A
Male,Admitted,A
Male,Admitted,A
Male,Admitted,A
Male,Admitted,A
Male,Admitted,A
Male,Admitted,A
Male,Admitted,A
Male,Admitted,A
Male,Admitted,A
Male,Admitted,A
Male,Admitted,A
Male,Admitted,A
Male,Admitted,A
Male,Admitted,A
Male,Admitted,A
Male,Admitted,A
Male,Admitted,A
Male,Admitted,A
Male,Admitted,A
Male,Admitted,A
Male,Admitted,A
Male,Admitted,A
Male,Admitted,A
Male,Admitted,A
Male,Admitted,A
Male,Admitted,A
Male,Admitted,A
Male,Admitted,A
Male,Admitted,A
Male,Admitted,A
Male,Admitted,A
Male,Admitted,A
Male,Admitted,A
Male,Admitted,A
Male,Admitted,A
Male,Admitted,A
Male,Admitted,A
Male,Admitted,A
Male,Admitted,A
Male,Admitted,A
Male,Admitted,A
Male,Admitted,A
Male,Admitted,A
Male,Admitted,A
Male,Admitted,A
Male,Admitted,A
Male,Admitted,A
Male,Admitted,A
Male,Admitted,A
Male,Admitted,A
Male,Admitted,A
Male,Admitted,A
Male,Admitted,A
Male,Admitted,A
Male,Admitted,A
Male,Admitted,A
Male,Admitted,A
Male,Admitted,A
Male,Admitted,A
Male,Admitted,A
Male,Admitted,A
Male,Admitted,A
Male,Admitted,A
Male,Admitted,A
Male,Admitted,A
Male,Admitted,A
Male,Admitted,A
Male,Admitted,A
Male,Admitted,A
Male,Admitted,A
Male,Admitted,A
Female,Admitted,A
Female,Admitted,A
Female,Admitted,A
Female,Admitted,A
Female,Admitted,A
Female,Admitted,A
Female,Admitted,A
Female,Admitted,A
Female,Admitted,A
Female,Admitted,A
Female,Admitted,A
Female,Admitted,A
Female,Admitted,A
Female,Admitted,A
Female,Admitted,A
Female,Admitted,A
Female,Admitted,A
Female,Admitted,A
Female,Admitted,A
Female,Admitted,A
Female,Admitted,A
Female,Admitted,A
Female,Admitted,A
Female,Admitted,A
Female,Admitted,A
Female,Admitted,A
Female,Admitted,A
Female,Admitted,A
Female,Admitted,A
Female,Admitted,A
Female,Admitted,A
Female,Admitted,A
Female,Admitted,A
Female,Admitted,A
Female,Admitted,A
Female,Admitted,A
Female,Admitted,A
Female,Admitted,A
Female,Admitted,A
Female,Admitted,A
Female,Admitted,A
Female,Admitted,A
Female,Admitted,A
Female,Admitted,A
Female,Admitted,A
Female,Admitted,A
Female,Admitted,A
Female,Admitted,A
Female,Admitted,A
Female,Admitted,A
Female,Admitted,A
Female,Admitted,A
Female,Admitted,A
Female,Admitted,A
Female,Admitted,A
Female,Admitted,A
Female,Admitted,A
Female,Admitted,A
Female,Admitted,A
Female,Admitted,A
Female,Admitted,A
Female,Admitted,A
Female,Admitted,A
Female,Admitted,A
Female,Admitted,A
Female,Admitted,A
Female,Admitted,A
Female,Admitted,A
Female,Admitted,A
Female,Admitted,A
Female,Admitted,A
Female,Admitted,A
Female,Admitted,A
Female,Admitted,A
Female,Admitted,A
Female,Admitted,A
Female,Admitted,A
Female,Admitted,A
Female,Admitted,A
Female,Admitted,A
Female,Admitted,A
Female,Admitted,A
Female,Admitted,A
Female,Admitted,A
Female,Admitted,A
Female,Admitted,A
Female,Admitted,A
Female,Admitted,A
Female,Admitted,A
Male,Rejected,A
Male,Rejected,A
Male,Rejected,A
Male,Rejected,A
Male,Rejected,A
Male,Rejected,A
Male,Rejected,A
Male,Rejected,A
Male,Rejected,A
Male,Rejected,A
Male,Rejected,A
Male,Rejected,A
Male,Rejected,A
Male,Rejected,A
Male,Rejected,A
Male,Rejected,A
Male,Rejected,A
Male,Rejected,A
Male,Rejected,A
Male,Rejected,A
Male,Rejected,A
Male,Rejected,A
Male,Rejected,A
Male,Rejected,A
Male,Rejected,A
Male,Rejected,A
Male,Rejected,A
Male,Rejected,A
Male,Rejected,A
Male,Rejected,A
Male,Rejected,A
Male,Rejected,A
Male,Rejected,A
Male,Rejected,A
Male,Rejected,A
Male,Rejected,A
Male,Rejected,A
Male,Rejected,A
Male,Rejected,A
Male,Rejected,A
Male,Rejected,A
Male,Rejected,A
Male,Rejected,A
Male,Rejected,A
Male,Rejected,A
Male,Rejected,A
Male,Rejected,A
Male,Rejected,A
Male,Rejected,A
Male,Rejected,A
Male,Rejected,A
Male,Rejected,A
Male,Rejected,A
Male,Rejected,A
Male,Rejected,A
Male,Rejected,A
Male,Rejected,A
Male,Rejected,A
Male,Rejected,A
Male,Rejected,A
Male,Rejected,A
Male,Rejected,A
Male,Rejected,A
Male,Rejected,A
Male,Rejected,A
Male,Rejected,A
Male,Rejected,A
Male,Rejected,A
Male,Rejected,A
Male,Rejected,A
Male,Rejected,A
Male,Rejected,A
Male,Rejected,A
Male,Rejected,A
Male,Rejected,A
Male,Rejected,A
Male,Rejected,A
Male,Rejected,A
Male,Rejected,A
Male,Rejected,A
Male,Rejected,A
Male,Rejected,A
Male,Rejected,A
Male,Rejected,A
Male,Rejected,A
Male,Rejected,A
Male,Rejected,A
Male,Rejected,A
Male,Rejected,A
Male,Rejected,A
Male,Rejected,A
Male,Rejected,A
Male,Rejected,A
Male,Rejected,A
Male,Rejected,A
Male,Rejected,A
Male,Rejected,A
Male,Rejected,A
Male,Rejected,A
Male,Rejected,A
Male,Rejected,A
Male,Rejected,A
Male,Rejected,A
Male,Rejected,A
Male,Rejected,A
Male,Rejected,A
Male,Rejected,A
Male,Rejected,A
Male,Rejected,A
Male,Rejected,A
Male,Rejected,A
Male,Rejected,A
Male,Rejected,A
Male,Rejected,A
Male,Rejected,A
Male,Rejected,A
Male,Rejected,A
Male,Rejected,A
Male,Rejected,A
Male,Rejected,A
Male,Rejected,A
Male,Rejected,A
Male,Rejected,A
Male,Rejected,A
Male,Rejected,A
Male,Rejected,A
Male,Rejected,A
Male,Rejected,A
Male,Rejected,A
Male,Rejected,A
Male,Rejected,A
Male,Rejected,A
Male,Rejected,A
Male,Rejected,A
Male,Rejected,A
Male,Rejected,A
Male,Rejected,A
Male,Rejected,A
Male,Rejected,A
Male,Rejected,A
Male,Rejected,A
Male,Rejected,A
Male,Rejected,A
Male,Rejected,A
Male,Rejected,A
Male,Rejected,A
Male,Rejected,A
Male,Rejected,A
Male,Rejected,A
Male,Rejected,A
Male,Rejected,A
Male,Rejected,A
Male,Rejected,A
Male,Rejected,A
Male,Rejected,A
Male,Rejected,A
Male,Rejected,A
Male,Rejected,A
Male,Rejected,A
Male,Rejected,A
Male,Rejected,A
Male,Rejected,A
Male,Rejected,A
Male,Rejected,A
Male,Rejected,A
Male,Rejected,A
Male,Rejected,A
Male,Rejected,A
Male,Rejected,A
Male,Rejected,A
Male,Rejected,A
Male,Rejected,A
Male,Rejected,A
Male,Rejected,A
Male,Rejected,A
Male,Rejected,A
Male,Rejected,A
Male,Rejected,A
Male,Rejected,A
Male,Rejected,A
Male,Rejected,A
Male,Rejected,A
Male,Rejected,A
Male,Rejected,A
Male,Rejected,A
Male,Rejected,A
Male,Rejected,A
Male,Rejected,A
Male,Rejected,A
Male,Rejected,A
Male,Rejected,A
Male,Rejected,A
Male,Rejected,A
Male,Rejected,A
Male,Rejected,A
Male,Rejected,A
Male,Rejected,A
Male,Rejected,A
Male,Rejected,A
Male,Rejected,A
Male,Rejected,A
Male,Rejected,A
Male,Rejected,A
Male,Rejected,A
Male,Rejected,A
Male,Rejected,A
Male,Rejected,A
Male,Rejected,A
Male,Rejected,A
Male,Rejected,A
Male,Rejected,A
Male,Rejected,A
Male,Rejected,A
Male,Rejected,A
Male,Rejected,A
Male,Rejected,A
Male,Rejected,A
Male,Rejected,A
Male,Rejected,A
Male,Rejected,A
Male,Rejected,A
Male,Rejected,A
Male,Rejected,A
Male,Rejected,A
Male,Rejected,A
Male,Rejected,A
Male,Rejected,A
Male,Rejected,A
Male,Rejected,A
Male,Rejected,A
Male,Rejected,A
Male,Rejected,A
Male,Rejected,A
Male,Rejected,A
Male,Rejected,A
Male,Rejected,A
Male,Rejected,A
Male,Rejected,A
Male,Rejected,A
Male,Rejected,A
Male,Rejected,A
Male,Rejected,A
Male,Rejected,A
Male,Rejected,A
Male,Rejected,A
Male,Rejected,A
Male,Rejected,A
Male,Rejected,A
Male,Rejected,A
Male,Rejected,A
Male,Rejected,A
Male,Rejected,A
Male,Rejected,A
Male,Rejected,A
Male,Rejected,A
Male,Rejected,A
Male,Rejected,A
Male,Rejected,A
Male,Rejected,A
Male,Rejected,A
Male,Rejected,A
Male,Rejected,A
Male,Rejected,A
Male,Rejected,A
Male,Rejected,A
Male,Rejected,A
Male,Rejected,A
Male,Rejected,A
Male,Rejected,A
Male,Rejected,A
Male,Rejected,A
Male,Rejected,A
Male,Rejected,A
Male,Rejected,A
Male,Rejected,A
Male,Rejected,A
Male,Rejected,A
Male,Rejected,A
Male,Rejected,A
Male,Rejected,A
Male,Rejected,A
Male,Rejected,A
Male,Rejected,A
Male,Rejected,A
Male,Rejected,A
Male,Rejected,A
Male,Rejected,A
Male,Rejected,A
Male,Rejected,A
Male,Rejected,A
Male,Rejected,A
Male,Rejected,A
Male,Rejected,A
Male,Rejected,A
Male,Rejected,A
Male,Rejected,A
Male,Rejected,A
Male,Rejected,A
Male,Rejected,A
Male,Rejected,A
Male,Rejected,A
Male,Rejected,A
Male,Rejected,A
Male,Rejected,A
Male,Rejected,A
Male,Rejected,A
Male,Rejected,A
Male,Rejected,A
Male,Rejected,A
Male,Rejected,A
Male,Rejected,A
Male,Rejected,A
Male,Rejected,A
Female,Rejected,A
Female,Rejected,A
Female,Rejected,A
Female,Rejected,A
Female,Rejected,A
Female,Rejected,A
Female,Rejected,A
Female,Rejected,A
Female,Rejected,A
Female,Rejected,A
Female,Rejected,A
Female,Rejected,A
Female,Rejected,A
Female,Rejected,A
Female,Rejected,A
Female,Rejected,A
Female,Rejected,A
Female,Rejected,A
Female,Rejected,A
Male,Admitted,B
Male,Admitted,B
Male,Admitted,B
Male,Admitted,B
Male,Admitted,B
Male,Admitted,B
Male,Admitted,B
Male,Admitted,B
Male,Admitted,B
Male,Admitted,B
Male,Admitted,B
Male,Admitted,B
Male,Admitted,B
Male,Admitted,B
Male,Admitted,B
Male,Admitted,B
Male,Admitted,B
Male,Admitted,B
Male,Admitted,B
Male,Admitted,B
Male,Admitted,B
Male,Admitted,B
Male,Admitted,B
Male,Admitted,B
Male,Admitted,B
Male,Admitted,B
Male,Admitted,B
Male,Admitted,B
Male,Admitted,B
Male,Admitted,B
Male,Admitted,B
Male,Admitted,B
Male,Admitted,B
Male,Admitted,B
Male,Admitted,B
Male,Admitted,B
Male,Admitted,B
Male,Admitted,B
Male,Admitted,B
Male,Admitted,B
Male,Admitted,B
Male,Admitted,B
Male,Admitted,B
Male,Admitted,B
Male,Admitted,B
Male,Admitted,B
Male,Admitted,B
Male,Admitted,B
Male,Admitted,B
Male,Admitted,B
Male,Admitted,B
Male,Admitted,B
Male,Admitted,B
Male,Admitted,B
Male,Admitted,B
Male,Admitted,B
Male,Admitted,B
Male,Admitted,B
Male,Admitted,B
Male,Admitted,B
Male,Admitted,B
Male,Admitted,B
Male,Admitted,B
Male,Admitted,B
Male,Admitted,B
Male,Admitted,B
Male,Admitted,B
Male,Admitted,B
Male,Admitted,B
Male,Admitted,B
Male,Admitted,B
Male,Admitted,B
Male,Admitted,B
Male,Admitted,B
Male,Admitted,B
Male,Admitted,B
Male,Admitted,B
Male,Admitted,B
Male,Admitted,B
Male,Admitted,B
Male,Admitted,B
Male,Admitted,B
Male,Admitted,B
Male,Admitted,B
Male,Admitted,B
Male,Admitted,B
Male,Admitted,B
Male,Admitted,B
Male,Admitted,B
Male,Admitted,B
Male,Admitted,B
Male,Admitted,B
Male,Admitted,B
Male,Admitted,B
Male,Admitted,B
Male,Admitted,B
Male,Admitted,B
Male,Admitted,B
Male,Admitted,B
Male,Admitted,B
Male,Admitted,B
Male,Admitted,B
Male,Admitted,B
Male,Admitted,B
Male,Admitted,B
Male,Admitted,B
Male,Admitted,B
Male,Admitted,B
Male,Admitted,B
Male,Admitted,B
Male,Admitted,B
Male,Admitted,B
Male,Admitted,B
Male,Admitted,B
Male,Admitted,B
Male,Admitted,B
Male,Admitted,B
Male,Admitted,B
Male,Admitted,B
Male,Admitted,B
Male,Admitted,B
Male,Admitted,B
Male,Admitted,B
Male,Admitted,B
Male,Admitted,B
Male,Admitted,B
Male,Admitted,B
Male,Admitted,B
Male,Admitted,B
Male,Admitted,B
Male,Admitted,B
Male,Admitted,B
Male,Admitted,B
Male,Admitted,B
Male,Admitted,B
Male,Admitted,B
Male,Admitted,B
Male,Admitted,B
Male,Admitted,B
Male,Admitted,B
Male,Admitted,B
Male,Admitted,B
Male,Admitted,B
Male,Admitted,B
Male,Admitted,B
Male,Admitted,B
Male,Admitted,B
Male,Admitted,B
Male,Admitted,B
Male,Admitted,B
Male,Admitted,B
Male,Admitted,B
Male,Admitted,B
Male,Admitted,B
Male,Admitted,B
Male,Admitted,B
Male,Admitted,B
Male,Admitted,B
Male,Admitted,B
Male,Admitted,B
Male,Admitted,B
Male,Admitted,B
Male,Admitted,B
Male,Admitted,B
Male,Admitted,B
Male,Admitted,B
Male,Admitted,B
Male,Admitted,B
Male,Admitted,B
Male,Admitted,B
Male,Admitted,B
Male,Admitted,B
Male,Admitted,B
Male,Admitted,B
Male,Admitted,B
Male,Admitted,B
Male,Admitted,B
Male,Admitted,B
Male,Admitted,B
Male,Admitted,B
Male,Admitted,B
Male,Admitted,B
Male,Admitted,B
Male,Admitted,B
Male,Admitted,B
Male,Admitted,B
Male,Admitted,B
Male,Admitted,B
Male,Admitted,B
Male,Admitted,B
Male,Admitted,B
Male,Admitted,B
Male,Admitted,B
Male,Admitted,B
Male,Admitted,B
Male,Admitted,B
Male,Admitted,B
Male,Admitted,B
Male,Admitted,B
Male,Admitted,B
Male,Admitted,B
Male,Admitted,B
Male,Admitted,B
Male,Admitted,B
Male,Admitted,B
Male,Admitted,B
Male,Admitted,B
Male,Admitted,B
Male,Admitted,B
Male,Admitted,B
Male,Admitted,B
Male,Admitted,B
Male,Admitted,B
Male,Admitted,B
Male,Admitted,B
Male,Admitted,B
Male,Admitted,B
Male,Admitted,B
Male,Admitted,B
Male,Admitted,B
Male,Admitted,B
Male,Admitted,B
Male,Admitted,B
Male,Admitted,B
Male,Admitted,B
Male,Admitted,B
Male,Admitted,B
Male,Admitted,B
Male,Admitted,B
Male,Admitted,B
Male,Admitted,B
Male,Admitted,B
Male,Admitted,B
Male,Admitted,B
Male,Admitted,B
Male,Admitted,B
Male,Admitted,B
Male,Admitted,B
Male,Admitted,B
Male,Admitted,B
Male,Admitted,B
Male,Admitted,B
Male,Admitted,B
Male,Admitted,B
Male,Admitted,B
Male,Admitted,B
Male,Admitted,B
Male,Admitted,B
Male,Admitted,B
Male,Admitted,B
Male,Admitted,B
Male,Admitted,B
Male,Admitted,B
Male,Admitted,B
Male,Admitted,B
Male,Admitted,B
Male,Admitted,B
Male,Admitted,B
Male,Admitted,B
Male,Admitted,B
Male,Admitted,B
Male,Admitted,B
Male,Admitted,B
Male,Admitted,B
Male,Admitted,B
Male,Admitted,B
Male,Admitted,B
Male,Admitted,B
Male,Admitted,B
Male,Admitted,B
Male,Admitted,B
Male,Admitted,B
Male,Admitted,B
Male,Admitted,B
Male,Admitted,B
Male,Admitted,B
Male,Admitted,B
Male,Admitted,B
Male,Admitted,B
Male,Admitted,B
Male,Admitted,B
Male,Admitted,B
Male,Admitted,B
Male,Admitted,B
Male,Admitted,B
Male,Admitted,B
Male,Admitted,B
Male,Admitted,B
Male,Admitted,B
Male,Admitted,B
Male,Admitted,B
Male,Admitted,B
Male,Admitted,B
Male,Admitted,B
Male,Admitted,B
Male,Admitted,B
Male,Admitted,B
Male,Admitted,B
Male,Admitted,B
Male,Admitted,B
Male,Admitted,B
Male,Admitted,B
Male,Admitted,B
Male,Admitted,B
Male,Admitted,B
Male,Admitted,B
Male,Admitted,B
Male,Admitted,B
Male,Admitted,B
Male,Admitted,B
Male,Admitted,B
Male,Admitted,B
Male,Admitted,B
Male,Admitted,B
Male,Admitted,B
Male,Admitted,B
Male,Admitted,B
Male,Admitted,B
Male,Admitted,B
Male,Admitted,B
Male,Admitted,B
Male,Admitted,B
Male,Admitted,B
Male,Admitted,B
Male,Admitted,B
Male,Admitted,B
Male,Admitted,B
Male,Admitted,B
Male,Admitted,B
Male,Admitted,B
Male,Admitted,B
Male,Admitted,B
Male,Admitted,B
Male,Admitted,B
Male,Admitted,B
Male,Admitted,B
Male,Admitted,B
Male,Admitted,B
Male,Admitted,B
Male,Admitted,B
Male,Admitted,B
Male,Admitted,B
Male,Admitted,B
Male,Admitted,B
Male,Admitted,B
Male,Admitted,B
Male,Admitted,B
Male,Admitted,B
Male,Admitted,B
Male,Admitted,B
Male,Admitted,B
Male,Admitted,B
Male,Admitted,B
Female,Admitted,B
Female,Admitted,B
Female,Admitted,B
Female,Admitted,B
Female,Admitted,B
Female,Admitted,B
Female,Admitted,B
Female,Admitted,B
Female,Admitted,B
Female,Admitted,B
Female,Admitted,B
Female,Admitted,B
Female,Admitted,B
Female,Admitted,B
Female,Admitted,B
Female,Admitted,B
Female,Admitted,B
Male,Rejected,B
Male,Rejected,B
Male,Rejected,B
Male,Rejected,B
Male,Rejected,B
Male,Rejected,B
Male,Rejected,B
Male,Rejected,B
Male,Rejected,B
Male,Rejected,B
Male,Rejected,B
Male,Rejected,B
Male,Rejected,B
Male,Rejected,B
Male,Rejected,B
Male,Rejected,B
Male,Rejected,B
Male,Rejected,B
Male,Rejected,B
Male,Rejected,B
Male,Rejected,B
Male,Rejected,B
Male,Rejected,B
Male,Rejected,B
Male,Rejected,B
Male,Rejected,B
Male,Rejected,B
Male,Rejected,B
Male,Rejected,B
Male,Rejected,B
Male,Rejected,B
Male,Rejected,B
Male,Rejected,B
Male,Rejected,B
Male,Rejected,B
Male,Rejected,B
Male,Rejected,B
Male,Rejected,B
Male,Rejected,B
Male,Rejected,B
Male,Rejected,B
Male,Rejected,B
Male,Rejected,B
Male,Rejected,B
Male,Rejected,B
Male,Rejected,B
Male,Rejected,B
Male,Rejected,B
Male,Rejected,B
Male,Rejected,B
Male,Rejected,B
Male,Rejected,B
Male,Rejected,B
Male,Rejected,B
Male,Rejected,B
Male,Rejected,B
Male,Rejected,B
Male,Rejected,B
Male,Rejected,B
Male,Rejected,B
Male,Rejected,B
Male,Rejected,B
Male,Rejected,B
Male,Rejected,B
Male,Rejected,B
Male,Rejected,B
Male,Rejected,B
Male,Rejected,B
Male,Rejected,B
Male,Rejected,B
Male,Rejected,B
Male,Rejected,B
Male,Rejected,B
Male,Rejected,B
Male,Rejected,B
Male,Rejected,B
Male,Rejected,B
Male,Rejected,B
Male,Rejected,B
Male,Rejected,B
Male,Rejected,B
Male,Rejected,B
Male,Rejected,B
Male,Rejected,B
Male,Rejected,B
Male,Rejected,B
Male,Rejected,B
Male,Rejected,B
Male,Rejected,B
Male,Rejected,B
Male,Rejected,B
Male,Rejected,B
Male,Rejected,B
Male,Rejected,B
Male,Rejected,B
Male,Rejected,B
Male,Rejected,B
Male,Rejected,B
Male,Rejected,B
Male,Rejected,B
Male,Rejected,B
Male,Rejected,B
Male,Rejected,B
Male,Rejected,B
Male,Rejected,B
Male,Rejected,B
Male,Rejected,B
Male,Rejected,B
Male,Rejected,B
Male,Rejected,B
Male,Rejected,B
Male,Rejected,B
Male,Rejected,B
Male,Rejected,B
Male,Rejected,B
Male,Rejected,B
Male,Rejected,B
Male,Rejected,B
Male,Rejected,B
Male,Rejected,B
Male,Rejected,B
Male,Rejected,B
Male,Rejected,B
Male,Rejected,B
Male,Rejected,B
Male,Rejected,B
Male,Rejected,B
Male,Rejected,B
Male,Rejected,B
Male,Rejected,B
Male,Rejected,B
Male,Rejected,B
Male,Rejected,B
Male,Rejected,B
Male,Rejected,B
Male,Rejected,B
Male,Rejected,B
Male,Rejected,B
Male,Rejected,B
Male,Rejected,B
Male,Rejected,B
Male,Rejected,B
Male,Rejected,B
Male,Rejected,B
Male,Rejected,B
Male,Rejected,B
Male,Rejected,B
Male,Rejected,B
Male,Rejected,B
Male,Rejected,B
Male,Rejected,B
Male,Rejected,B
Male,Rejected,B
Male,Rejected,B
Male,Rejected,B
Male,Rejected,B
Male,Rejected,B
Male,Rejected,B
Male,Rejected,B
Male,Rejected,B
Male,Rejected,B
Male,Rejected,B
Male,Rejected,B
Male,Rejected,B
Male,Rejected,B
Male,Rejected,B
Male,Rejected,B
Male,Rejected,B
Male,Rejected,B
Male,Rejected,B
Male,Rejected,B
Male,Rejected,B
Male,Rejected,B
Male,Rejected,B
Male,Rejected,B
Male,Rejected,B
Male,Rejected,B
Male,Rejected,B
Male,Rejected,B
Male,Rejected,B
Male,Rejected,B
Male,Rejected,B
Male,Rejected,B
Male,Rejected,B
Male,Rejected,B
Male,Rejected,B
Male,Rejected,B
Male,Rejected,B
Male,Rejected,B
Male,Rejected,B
Male,Rejected,B
Male,Rejected,B
Male,Rejected,B
Male,Rejected,B
Male,Rejected,B
Male,Rejected,B
Male,Rejected,B
Male,Rejected,B
Male,Rejected,B
Male,Rejected,B
Male,Rejected,B
Male,Rejected,B
Male,Rejected,B
Male,Rejected,B
Male,Rejected,B
Male,Rejected,B
Male,Rejected,B
Female,Rejected,B
Female,Rejected,B
Female,Rejected,B
Female,Rejected,B
Female,Rejected,B
Female,Rejected,B
Female,Rejected,B
Female,Rejected,B
Male,Admitted,C
Male,Admitted,C
Male,Admitted,C
Male,Admitted,C
Male,Admitted,C
Male,Admitted,C
Male,Admitted,C
Male,Admitted,C
Male,Admitted,C
Male,Admitted,C
Male,Admitted,C
Male,Admitted,C
Male,Admitted,C
Male,Admitted,C
Male,Admitted,C
Male,Admitted,C
Male,Admitted,C
Male,Admitted,C
Male,Admitted,C
Male,Admitted,C
Male,Admitted,C
Male,Admitted,C
Male,Admitted,C
Male,Admitted,C
Male,Admitted,C
Male,Admitted,C
Male,Admitted,C
Male,Admitted,C
Male,Admitted,C
Male,Admitted,C
Male,Admitted,C
Male,Admitted,C
Male,Admitted,C
Male,Admitted,C
Male,Admitted,C
Male,Admitted,C
Male,Admitted,C
Male,Admitted,C
Male,Admitted,C
Male,Admitted,C
Male,Admitted,C
Male,Admitted,C
Male,Admitted,C
Male,Admitted,C
Male,Admitted,C
Male,Admitted,C
Male,Admitted,C
Male,Admitted,C
Male,Admitted,C
Male,Admitted,C
Male,Admitted,C
Male,Admitted,C
Male,Admitted,C
Male,Admitted,C
Male,Admitted,C
Male,Admitted,C
Male,Admitted,C
Male,Admitted,C
Male,Admitted,C
Male,Admitted,C
Male,Admitted,C
Male,Admitted,C
Male,Admitted,C
Male,Admitted,C
Male,Admitted,C
Male,Admitted,C
Male,Admitted,C
Male,Admitted,C
Male,Admitted,C
Male,Admitted,C
Male,Admitted,C
Male,Admitted,C
Male,Admitted,C
Male,Admitted,C
Male,Admitted,C
Male,Admitted,C
Male,Admitted,C
Male,Admitted,C
Male,Admitted,C
Male,Admitted,C
Male,Admitted,C
Male,Admitted,C
Male,Admitted,C
Male,Admitted,C
Male,Admitted,C
Male,Admitted,C
Male,Admitted,C
Male,Admitted,C
Male,Admitted,C
Male,Admitted,C
Male,Admitted,C
Male,Admitted,C
Male,Admitted,C
Male,Admitted,C
Male,Admitted,C
Male,Admitted,C
Male,Admitted,C
Male,Admitted,C
Male,Admitted,C
Male,Admitted,C
Male,Admitted,C
Male,Admitted,C
Male,Admitted,C
Male,Admitted,C
Male,Admitted,C
Male,Admitted,C
Male,Admitted,C
Male,Admitted,C
Male,Admitted,C
Male,Admitted,C
Male,Admitted,C
Male,Admitted,C
Male,Admitted,C
Male,Admitted,C
Male,Admitted,C
Male,Admitted,C
Male,Admitted,C
Male,Admitted,C
Male,Admitted,C
Male,Admitted,C
Female,Admitted,C
Female,Admitted,C
Female,Admitted,C
Female,Admitted,C
Female,Admitted,C
Female,Admitted,C
Female,Admitted,C
Female,Admitted,C
Female,Admitted,C
Female,Admitted,C
Female,Admitted,C
Female,Admitted,C
Female,Admitted,C
Female,Admitted,C
Female,Admitted,C
Female,Admitted,C
Female,Admitted,C
Female,Admitted,C
Female,Admitted,C
Female,Admitted,C
Female,Admitted,C
Female,Admitted,C
Female,Admitted,C
Female,Admitted,C
Female,Admitted,C
Female,Admitted,C
Female,Admitted,C
Female,Admitted,C
Female,Admitted,C
Female,Admitted,C
Female,Admitted,C
Female,Admitted,C
Female,Admitted,C
Female,Admitted,C
Female,Admitted,C
Female,Admitted,C
Female,Admitted,C
Female,Admitted,C
Female,Admitted,C
Female,Admitted,C
Female,Admitted,C
Female,Admitted,C
Female,Admitted,C
Female,Admitted,C
Female,Admitted,C
Female,Admitted,C
Female,Admitted,C
Female,Admitted,C
Female,Admitted,C
Female,Admitted,C
Female,Admitted,C
Female,Admitted,C
Female,Admitted,C
Female,Admitted,C
Female,Admitted,C
Female,Admitted,C
Female,Admitted,C
Female,Admitted,C
Female,Admitted,C
Female,Admitted,C
Female,Admitted,C
Female,Admitted,C
Female,Admitted,C
Female,Admitted,C
Female,Admitted,C
Female,Admitted,C
Female,Admitted,C
Female,Admitted,C
Female,Admitted,C
Female,Admitted,C
Female,Admitted,C
Female,Admitted,C
Female,Admitted,C
Female,Admitted,C
Female,Admitted,C
Female,Admitted,C
Female,Admitted,C
Female,Admitted,C
Female,Admitted,C
Female,Admitted,C
Female,Admitted,C
Female,Admitted,C
Female,Admitted,C
Female,Admitted,C
Female,Admitted,C
Female,Admitted,C
Female,Admitted,C
Female,Admitted,C
Female,Admitted,C
Female,Admitted,C
Female,Admitted,C
Female,Admitted,C
Female,Admitted,C
Female,Admitted,C
Female,Admitted,C
Female,Admitted,C
Female,Admitted,C
Female,Admitted,C
Female,Admitted,C
Female,Admitted,C
Female,Admitted,C
Female,Admitted,C
Female,Admitted,C
Female,Admitted,C
Female,Admitted,C
Female,Admitted,C
Female,Admitted,C
Female,Admitted,C
Female,Admitted,C
Female,Admitted,C
Female,Admitted,C
Female,Admitted,C
Female,Admitted,C
Female,Admitted,C
Female,Admitted,C
Female,Admitted,C
Female,Admitted,C
Female,Admitted,C
Female,Admitted,C
Female,Admitted,C
Female,Admitted,C
Female,Admitted,C
Female,Admitted,C
Female,Admitted,C
Female,Admitted,C
Female,Admitted,C
Female,Admitted,C
Female,Admitted,C
Female,Admitted,C
Female,Admitted,C
Female,Admitted,C
Female,Admitted,C
Female,Admitted,C
Female,Admitted,C
Female,Admitted,C
Female,Admitted,C
Female,Admitted,C
Female,Admitted,C
Female,Admitted,C
Female,Admitted,C
Female,Admitted,C
Female,Admitted,C
Female,Admitted,C
Female,Admitted,C
Female,Admitted,C
Female,Admitted,C
Female,Admitted,C
Female,Admitted,C
Female,Admitted,C
Female,Admitted,C
Female,Admitted,C
Female,Admitted,C
Female,Admitted,C
Female,Admitted,C
Female,Admitted,C
Female,Admitted,C
Female,Admitted,C
Female,Admitted,C
Female,Admitted,C
Female,Admitted,C
Female,Admitted,C
Female,Admitted,C
Female,Admitted,C
Female,Admitted,C
Female,Admitted,C
Female,Admitted,C
Female,Admitted,C
Female,Admitted,C
Female,Admitted,C
Female,Admitted,C
Female,Admitted,C
Female,Admitted,C
Female,Admitted,C
Female,Admitted,C
Female,Admitted,C
Female,Admitted,C
Female,Admitted,C
Female,Admitted,C
Female,Admitted,C
Female,Admitted,C
Female,Admitted,C
Female,Admitted,C
Female,Admitted,C
Female,Admitted,C
Female,Admitted,C
Female,Admitted,C
Female,Admitted,C
Female,Admitted,C
Female,Admitted,C
Female,Admitted,C
Female,Admitted,C
Female,Admitted,C
Female,Admitted,C
Female,Admitted,C
Female,Admitted,C
Female,Admitted,C
Female,Admitted,C
Female,Admitted,C
Female,Admitted,C
Female,Admitted,C
Female,Admitted,C
Female,Admitted,C
Male,Rejected,C
Male,Rejected,C
Male,Rejected,C
Male,Rejected,C
Male,Rejected,C
Male,Rejected,C
Male,Rejected,C
Male,Rejected,C
Male,Rejected,C
Male,Rejected,C
Male,Rejected,C
Male,Rejected,C
Male,Rejected,C
Male,Rejected,C
Male,Rejected,C
Male,Rejected,C
Male,Rejected,C
Male,Rejected,C
Male,Rejected,C
Male,Rejected,C
Male,Rejected,C
Male,Rejected,C
Male,Rejected,C
Male,Rejected,C
Male,Rejected,C
Male,Rejected,C
Male,Rejected,C
Male,Rejected,C
Male,Rejected,C
Male,Rejected,C
Male,Rejected,C
Male,Rejected,C
Male,Rejected,C
Male,Rejected,C
Male,Rejected,C
Male,Rejected,C
Male,Rejected,C
Male,Rejected,C
Male,Rejected,C
Male,Rejected,C
Male,Rejected,C
Male,Rejected,C
Male,Rejected,C
Male,Rejected,C
Male,Rejected,C
Male,Rejected,C
Male,Rejected,C
Male,Rejected,C
Male,Rejected,C
Male,Rejected,C
Male,Rejected,C
Male,Rejected,C
Male,Rejected,C
Male,Rejected,C
Male,Rejected,C
Male,Rejected,C
Male,Rejected,C
Male,Rejected,C
Male,Rejected,C
Male,Rejected,C
Male,Rejected,C
Male,Rejected,C
Male,Rejected,C
Male,Rejected,C
Male,Rejected,C
Male,Rejected,C
Male,Rejected,C
Male,Rejected,C
Male,Rejected,C
Male,Rejected,C
Male,Rejected,C
Male,Rejected,C
Male,Rejected,C
Male,Rejected,C
Male,Rejected,C
Male,Rejected,C
Male,Rejected,C
Male,Rejected,C
Male,Rejected,C
Male,Rejected,C
Male,Rejected,C
Male,Rejected,C
Male,Rejected,C
Male,Rejected,C
Male,Rejected,C
Male,Rejected,C
Male,Rejected,C
Male,Rejected,C
Male,Rejected,C
Male,Rejected,C
Male,Rejected,C
Male,Rejected,C
Male,Rejected,C
Male,Rejected,C
Male,Rejected,C
Male,Rejected,C
Male,Rejected,C
Male,Rejected,C
Male,Rejected,C
Male,Rejected,C
Male,Rejected,C
Male,Rejected,C
Male,Rejected,C
Male,Rejected,C
Male,Rejected,C
Male,Rejected,C
Male,Rejected,C
Male,Rejected,C
Male,Rejected,C
Male,Rejected,C
Male,Rejected,C
Male,Rejected,C
Male,Rejected,C
Male,Rejected,C
Male,Rejected,C
Male,Rejected,C
Male,Rejected,C
Male,Rejected,C
Male,Rejected,C
Male,Rejected,C
Male,Rejected,C
Male,Rejected,C
Male,Rejected,C
Male,Rejected,C
Male,Rejected,C
Male,Rejected,C
Male,Rejected,C
Male,Rejected,C
Male,Rejected,C
Male,Rejected,C
Male,Rejected,C
Male,Rejected,C
Male,Rejected,C
Male,Rejected,C
Male,Rejected,C
Male,Rejected,C
Male,Rejected,C
Male,Rejected,C
Male,Rejected,C
Male,Rejected,C
Male,Rejected,C
Male,Rejected,C
Male,Rejected,C
Male,Rejected,C
Male,Rejected,C
Male,Rejected,C
Male,Rejected,C
Male,Rejected,C
Male,Rejected,C
Male,Rejected,C
Male,Rejected,C
Male,Rejected,C
Male,Rejected,C
Male,Rejected,C
Male,Rejected,C
Male,Rejected,C
Male,Rejected,C
Male,Rejected,C
Male,Rejected,C
Male,Rejected,C
Male,Rejected,C
Male,Rejected,C
Male,Rejected,C
Male,Rejected,C
Male,Rejected,C
Male,Rejected,C
Male,Rejected,C
Male,Rejected,C
Male,Rejected,C
Male,Rejected,C
Male,Rejected,C
Male,Rejected,C
Male,Rejected,C
Male,Rejected,C
Male,Rejected,C
Male,Rejected,C
Male,Rejected,C
Male,Rejected,C
Male,Rejected,C
Male,Rejected,C
Male,Rejected,C
Male,Rejected,C
Male,Rejected,C
Male,Rejected,C
Male,Rejected,C
Male,Rejected,C
Male,Rejected,C
Male,Rejected,C
Male,Rejected,C
Male,Rejected,C
Male,Rejected,C
Male,Rejected,C
Male,Rejected,C
Male,Rejected,C
Male,Rejected,C
Male,Rejected,C
Male,Rejected,C
Male,Rejected,C
Male,Rejected,C
Male,Rejected,C
Male,Rejected,C
Male,Rejected,C
Male,Rejected,C
Male,Rejected,C
Male,Rejected,C
Female,Rejected,C
Female,Rejected,C
Female,Rejected,C
Female,Rejected,C
Female,Rejected,C
Female,Rejected,C
Female,Rejected,C
Female,Rejected,C
Female,Rejected,C
Female,Rejected,C
Female,Rejected,C
Female,Rejected,C
Female,Rejected,C
Female,Rejected,C
Female,Rejected,C
Female,Rejected,C
Female,Rejected,C
Female,Rejected,C
Female,Rejected,C
Female,Rejected,C
Female,Rejected,C
Female,Rejected,C
Female,Rejected,C
Female,Rejected,C
Female,Rejected,C
Female,Rejected,C
Female,Rejected,C
Female,Rejected,C
Female,Rejected,C
Female,Rejected,C
Female,Rejected,C
Female,Rejected,C
Female,Rejected,C
Female,Rejected,C
Female,Rejected,C
Female,Rejected,C
Female,Rejected,C
Female,Rejected,C
Female,Rejected,C
Female,Rejected,C
Female,Rejected,C
Female,Rejected,C
Female,Rejected,C
Female,Rejected,C
Female,Rejected,C
Female,Rejected,C
Female,Rejected,C
Female,Rejected,C
Female,Rejected,C
Female,Rejected,C
Female,Rejected,C
Female,Rejected,C
Female,Rejected,C
Female,Rejected,C
Female,Rejected,C
Female,Rejected,C
Female,Rejected,C
Female,Rejected,C
Female,Rejected,C
Female,Rejected,C
Female,Rejected,C
Female,Rejected,C
Female,Rejected,C
Female,Rejected,C
Female,Rejected,C
Female,Rejected,C
Female,Rejected,C
Female,Rejected,C
Female,Rejected,C
Female,Rejected,C
Female,Rejected,C
Female,Rejected,C
Female,Rejected,C
Female,Rejected,C
Female,Rejected,C
Female,Rejected,C
Female,Rejected,C
Female,Rejected,C
Female,Rejected,C
Female,Rejected,C
Female,Rejected,C
Female,Rejected,C
Female,Rejected,C
Female,Rejected,C
Female,Rejected,C
Female,Rejected,C
Female,Rejected,C
Female,Rejected,C
Female,Rejected,C
Female,Rejected,C
Female,Rejected,C
Female,Rejected,C
Female,Rejected,C
Female,Rejected,C
Female,Rejected,C
Female,Rejected,C
Female,Rejected,C
Female,Rejected,C
Female,Rejected,C
Female,Rejected,C
Female,Rejected,C
Female,Rejected,C
Female,Rejected,C
Female,Rejected,C
Female,Rejected,C
Female,Rejected,C
Female,Rejected,C
Female,Rejected,C
Female,Rejected,C
Female,Rejected,C
Female,Rejected,C
Female,Rejected,C
Female,Rejected,C
Female,Rejected,C
Female,Rejected,C
Female,Rejected,C
Female,Rejected,C
Female,Rejected,C
Female,Rejected,C
Female,Rejected,C
Female,Rejected,C
Female,Rejected,C
Female,Rejected,C
Female,Rejected,C
Female,Rejected,C
Female,Rejected,C
Female,Rejected,C
Female,Rejected,C
Female,Rejected,C
Female,Rejected,C
Female,Rejected,C
Female,Rejected,C
Female,Rejected,C
Female,Rejected,C
Female,Rejected,C
Female,Rejected,C
Female,Rejected,C
Female,Rejected,C
Female,Rejected,C
Female,Rejected,C
Female,Rejected,C
Female,Rejected,C
Female,Rejected,C
Female,Rejected,C
Female,Rejected,C
Female,Rejected,C
Female,Rejected,C
Female,Rejected,C
Female,Rejected,C
Female,Rejected,C
Female,Rejected,C
Female,Rejected,C
Female,Rejected,C
Female,Rejected,C
Female,Rejected,C
Female,Rejected,C
Female,Rejected,C
Female,Rejected,C
Female,Rejected,C
Female,Rejected,C
Female,Rejected,C
Female,Rejected,C
Female,Rejected,C
Female,Rejected,C
Female,Rejected,C
Female,Rejected,C
Female,Rejected,C
Female,Rejected,C
Female,Rejected,C
Female,Rejected,C
Female,Rejected,C
Female,Rejected,C
Female,Rejected,C
Female,Rejected,C
Female,Rejected,C
Female,Rejected,C
Female,Rejected,C
Female,Rejected,C
Female,Rejected,C
Female,Rejected,C
Female,Rejected,C
Female,Rejected,C
Female,Rejected,C
Female,Rejected,C
Female,Rejected,C
Female,Rejected,C
Female,Rejected,C
Female,Rejected,C
Female,Rejected,C
Female,Rejected,C
Female,Rejected,C
Female,Rejected,C
Female,Rejected,C
Female,Rejected,C
Female,Rejected,C
Female,Rejected,C
Female,Rejected,C
Female,Rejected,C
Female,Rejected,C
Female,Rejected,C
Female,Rejected,C
Female,Rejected,C
Female,Rejected,C
Female,Rejected,C
Female,Rejected,C
Female,Rejected,C
Female,Rejected,C
Female,Rejected,C
Female,Rejected,C
Female,Rejected,C
Female,Rejected,C
Female,Rejected,C
Female,Rejected,C
Female,Rejected,C
Female,Rejected,C
Female,Rejected,C
Female,Rejected,C
Female,Rejected,C
Female,Rejected,C
Female,Rejected,C
Female,Rejected,C
Female,Rejected,C
Female,Rejected,C
Female,Rejected,C
Female,Rejected,C
Female,Rejected,C
Female,Rejected,C
Female,Rejected,C
Female,Rejected,C
Female,Rejected,C
Female,Rejected,C
Female,Rejected,C
Female,Rejected,C
Female,Rejected,C
Female,Rejected,C
Female,Rejected,C
Female,Rejected,C
Female,Rejected,C
Female,Rejected,C
Female,Rejected,C
Female,Rejected,C
Female,Rejected,C
Female,Rejected,C
Female,Rejected,C
Female,Rejected,C
Female,Rejected,C
Female,Rejected,C
Female,Rejected,C
Female,Rejected,C
Female,Rejected,C
Female,Rejected,C
Female,Rejected,C
Female,Rejected,C
Female,Rejected,C
Female,Rejected,C
Female,Rejected,C
Female,Rejected,C
Female,Rejected,C
Female,Rejected,C
Female,Rejected,C
Female,Rejected,C
Female,Rejected,C
Female,Rejected,C
Female,Rejected,C
Female,Rejected,C
Female,Rejected,C
Female,Rejected,C
Female,Rejected,C
Female,Rejected,C
Female,Rejected,C
Female,Rejected,C
Female,Rejected,C
Female,Rejected,C
Female,Rejected,C
Female,Rejected,C
Female,Rejected,C
Female,Rejected,C
Female,Rejected,C
Female,Rejected,C
Female,Rejected,C
Female,Rejected,C
Female,Rejected,C
Female,Rejected,C
Female,Rejected,C
Female,Rejected,C
Female,Rejected,C
Female,Rejected,C
Female,Rejected,C
Female,Rejected,C
Female,Rejected,C
Female,Rejected,C
Female,Rejected,C
Female,Rejected,C
Female,Rejected,C
Female,Rejected,C
Female,Rejected,C
Female,Rejected,C
Female,Rejected,C
Female,Rejected,C
Female,Rejected,C
Female,Rejected,C
Female,Rejected,C
Female,Rejected,C
Female,Rejected,C
Female,Rejected,C
Female,Rejected,C
Female,Rejected,C
Female,Rejected,C
Female,Rejected,C
Female,Rejected,C
Female,Rejected,C
Female,Rejected,C
Female,Rejected,C
Female,Rejected,C
Female,Rejected,C
Female,Rejected,C
Female,Rejected,C
Female,Rejected,C
Female,Rejected,C
Female,Rejected,C
Female,Rejected,C
Female,Rejected,C
Female,Rejected,C
Female,Rejected,C
Female,Rejected,C
Female,Rejected,C
Female,Rejected,C
Female,Rejected,C
Female,Rejected,C
Female,Rejected,C
Female,Rejected,C
Female,Rejected,C
Female,Rejected,C
Female,Rejected,C
Female,Rejected,C
Female,Rejected,C
Female,Rejected,C
Female,Rejected,C
Female,Rejected,C
Female,Rejected,C
Female,Rejected,C
Female,Rejected,C
Female,Rejected,C
Female,Rejected,C
Female,Rejected,C
Female,Rejected,C
Female,Rejected,C
Female,Rejected,C
Female,Rejected,C
Female,Rejected,C
Female,Rejected,C
Female,Rejected,C
Female,Rejected,C
Female,Rejected,C
Female,Rejected,C
Female,Rejected,C
Female,Rejected,C
Female,Rejected,C
Female,Rejected,C
Female,Rejected,C
Female,Rejected,C
Female,Rejected,C
Female,Rejected,C
Female,Rejected,C
Female,Rejected,C
Female,Rejected,C
Female,Rejected,C
Female,Rejected,C
Female,Rejected,C
Female,Rejected,C
Female,Rejected,C
Female,Rejected,C
Female,Rejected,C
Female,Rejected,C
Female,Rejected,C
Female,Rejected,C
Female,Rejected,C
Female,Rejected,C
Female,Rejected,C
Female,Rejected,C
Female,Rejected,C
Female,Rejected,C
Female,Rejected,C
Female,Rejected,C
Female,Rejected,C
Female,Rejected,C
Female,Rejected,C
Female,Rejected,C
Female,Rejected,C
Female,Rejected,C
Female,Rejected,C
Male,Admitted,D
Male,Admitted,D
Male,Admitted,D
Male,Admitted,D
Male,Admitted,D
Male,Admitted,D
Male,Admitted,D
Male,Admitted,D
Male,Admitted,D
Male,Admitted,D
Male,Admitted,D
Male,Admitted,D
Male,Admitted,D
Male,Admitted,D
Male,Admitted,D
Male,Admitted,D
Male,Admitted,D
Male,Admitted,D
Male,Admitted,D
Male,Admitted,D
Male,Admitted,D
Male,Admitted,D
Male,Admitted,D
Male,Admitted,D
Male,Admitted,D
Male,Admitted,D
Male,Admitted,D
Male,Admitted,D
Male,Admitted,D
Male,Admitted,D
Male,Admitted,D
Male,Admitted,D
Male,Admitted,D
Male,Admitted,D
Male,Admitted,D
Male,Admitted,D
Male,Admitted,D
Male,Admitted,D
Male,Admitted,D
Male,Admitted,D
Male,Admitted,D
Male,Admitted,D
Male,Admitted,D
Male,Admitted,D
Male,Admitted,D
Male,Admitted,D
Male,Admitted,D
Male,Admitted,D
Male,Admitted,D
Male,Admitted,D
Male,Admitted,D
Male,Admitted,D
Male,Admitted,D
Male,Admitted,D
Male,Admitted,D
Male,Admitted,D
Male,Admitted,D
Male,Admitted,D
Male,Admitted,D
Male,Admitted,D
Male,Admitted,D
Male,Admitted,D
Male,Admitted,D
Male,Admitted,D
Male,Admitted,D
Male,Admitted,D
Male,Admitted,D
Male,Admitted,D
Male,Admitted,D
Male,Admitted,D
Male,Admitted,D
Male,Admitted,D
Male,Admitted,D
Male,Admitted,D
Male,Admitted,D
Male,Admitted,D
Male,Admitted,D
Male,Admitted,D
Male,Admitted,D
Male,Admitted,D
Male,Admitted,D
Male,Admitted,D
Male,Admitted,D
Male,Admitted,D
Male,Admitted,D
Male,Admitted,D
Male,Admitted,D
Male,Admitted,D
Male,Admitted,D
Male,Admitted,D
Male,Admitted,D
Male,Admitted,D
Male,Admitted,D
Male,Admitted,D
Male,Admitted,D
Male,Admitted,D
Male,Admitted,D
Male,Admitted,D
Male,Admitted,D
Male,Admitted,D
Male,Admitted,D
Male,Admitted,D
Male,Admitted,D
Male,Admitted,D
Male,Admitted,D
Male,Admitted,D
Male,Admitted,D
Male,Admitted,D
Male,Admitted,D
Male,Admitted,D
Male,Admitted,D
Male,Admitted,D
Male,Admitted,D
Male,Admitted,D
Male,Admitted,D
Male,Admitted,D
Male,Admitted,D
Male,Admitted,D
Male,Admitted,D
Male,Admitted,D
Male,Admitted,D
Male,Admitted,D
Male,Admitted,D
Male,Admitted,D
Male,Admitted,D
Male,Admitted,D
Male,Admitted,D
Male,Admitted,D
Male,Admitted,D
Male,Admitted,D
Male,Admitted,D
Male,Admitted,D
Male,Admitted,D
Male,Admitted,D
Male,Admitted,D
Male,Admitted,D
Male,Admitted,D
Male,Admitted,D
Female,Admitted,D
Female,Admitted,D
Female,Admitted,D
Female,Admitted,D
Female,Admitted,D
Female,Admitted,D
Female,Admitted,D
Female,Admitted,D
Female,Admitted,D
Female,Admitted,D
Female,Admitted,D
Female,Admitted,D
Female,Admitted,D
Female,Admitted,D
Female,Admitted,D
Female,Admitted,D
Female,Admitted,D
Female,Admitted,D
Female,Admitted,D
Female,Admitted,D
Female,Admitted,D
Female,Admitted,D
Female,Admitted,D
Female,Admitted,D
Female,Admitted,D
Female,Admitted,D
Female,Admitted,D
Female,Admitted,D
Female,Admitted,D
Female,Admitted,D
Female,Admitted,D
Female,Admitted,D
Female,Admitted,D
Female,Admitted,D
Female,Admitted,D
Female,Admitted,D
Female,Admitted,D
Female,Admitted,D
Female,Admitted,D
Female,Admitted,D
Female,Admitted,D
Female,Admitted,D
Female,Admitted,D
Female,Admitted,D
Female,Admitted,D
Female,Admitted,D
Female,Admitted,D
Female,Admitted,D
Female,Admitted,D
Female,Admitted,D
Female,Admitted,D
Female,Admitted,D
Female,Admitted,D
Female,Admitted,D
Female,Admitted,D
Female,Admitted,D
Female,Admitted,D
Female,Admitted,D
Female,Admitted,D
Female,Admitted,D
Female,Admitted,D
Female,Admitted,D
Female,Admitted,D
Female,Admitted,D
Female,Admitted,D
Female,Admitted,D
Female,Admitted,D
Female,Admitted,D
Female,Admitted,D
Female,Admitted,D
Female,Admitted,D
Female,Admitted,D
Female,Admitted,D
Female,Admitted,D
Female,Admitted,D
Female,Admitted,D
Female,Admitted,D
Female,Admitted,D
Female,Admitted,D
Female,Admitted,D
Female,Admitted,D
Female,Admitted,D
Female,Admitted,D
Female,Admitted,D
Female,Admitted,D
Female,Admitted,D
Female,Admitted,D
Female,Admitted,D
Female,Admitted,D
Female,Admitted,D
Female,Admitted,D
Female,Admitted,D
Female,Admitted,D
Female,Admitted,D
Female,Admitted,D
Female,Admitted,D
Female,Admitted,D
Female,Admitted,D
Female,Admitted,D
Female,Admitted,D
Female,Admitted,D
Female,Admitted,D
Female,Admitted,D
Female,Admitted,D
Female,Admitted,D
Female,Admitted,D
Female,Admitted,D
Female,Admitted,D
Female,Admitted,D
Female,Admitted,D
Female,Admitted,D
Female,Admitted,D
Female,Admitted,D
Female,Admitted,D
Female,Admitted,D
Female,Admitted,D
Female,Admitted,D
Female,Admitted,D
Female,Admitted,D
Female,Admitted,D
Female,Admitted,D
Female,Admitted,D
Female,Admitted,D
Female,Admitted,D
Female,Admitted,D
Female,Admitted,D
Female,Admitted,D
Female,Admitted,D
Female,Admitted,D
Female,Admitted,D
Female,Admitted,D
Male,Rejected,D
Male,Rejected,D
Male,Rejected,D
Male,Rejected,D
Male,Rejected,D
Male,Rejected,D
Male,Rejected,D
Male,Rejected,D
Male,Rejected,D
Male,Rejected,D
Male,Rejected,D
Male,Rejected,D
Male,Rejected,D
Male,Rejected,D
Male,Rejected,D
Male,Rejected,D
Male,Rejected,D
Male,Rejected,D
Male,Rejected,D
Male,Rejected,D
Male,Rejected,D
Male,Rejected,D
Male,Rejected,D
Male,Rejected,D
Male,Rejected,D
Male,Rejected,D
Male,Rejected,D
Male,Rejected,D
Male,Rejected,D
Male,Rejected,D
Male,Rejected,D
Male,Rejected,D
Male,Rejected,D
Male,Rejected,D
Male,Rejected,D
Male,Rejected,D
Male,Rejected,D
Male,Rejected,D
Male,Rejected,D
Male,Rejected,D
Male,Rejected,D
Male,Rejected,D
Male,Rejected,D
Male,Rejected,D
Male,Rejected,D
Male,Rejected,D
Male,Rejected,D
Male,Rejected,D
Male,Rejected,D
Male,Rejected,D
Male,Rejected,D
Male,Rejected,D
Male,Rejected,D
Male,Rejected,D
Male,Rejected,D
Male,Rejected,D
Male,Rejected,D
Male,Rejected,D
Male,Rejected,D
Male,Rejected,D
Male,Rejected,D
Male,Rejected,D
Male,Rejected,D
Male,Rejected,D
Male,Rejected,D
Male,Rejected,D
Male,Rejected,D
Male,Rejected,D
Male,Rejected,D
Male,Rejected,D
Male,Rejected,D
Male,Rejected,D
Male,Rejected,D
Male,Rejected,D
Male,Rejected,D
Male,Rejected,D
Male,Rejected,D
Male,Rejected,D
Male,Rejected,D
Male,Rejected,D
Male,Rejected,D
Male,Rejected,D
Male,Rejected,D
Male,Rejected,D
Male,Rejected,D
Male,Rejected,D
Male,Rejected,D
Male,Rejected,D
Male,Rejected,D
Male,Rejected,D
Male,Rejected,D
Male,Rejected,D
Male,Rejected,D
Male,Rejected,D
Male,Rejected,D
Male,Rejected,D
Male,Rejected,D
Male,Rejected,D
Male,Rejected,D
Male,Rejected,D
Male,Rejected,D
Male,Rejected,D
Male,Rejected,D
Male,Rejected,D
Male,Rejected,D
Male,Rejected,D
Male,Rejected,D
Male,Rejected,D
Male,Rejected,D
Male,Rejected,D
Male,Rejected,D
Male,Rejected,D
Male,Rejected,D
Male,Rejected,D
Male,Rejected,D
Male,Rejected,D
Male,Rejected,D
Male,Rejected,D
Male,Rejected,D
Male,Rejected,D
Male,Rejected,D
Male,Rejected,D
Male,Rejected,D
Male,Rejected,D
Male,Rejected,D
Male,Rejected,D
Male,Rejected,D
Male,Rejected,D
Male,Rejected,D
Male,Rejected,D
Male,Rejected,D
Male,Rejected,D
Male,Rejected,D
Male,Rejected,D
Male,Rejected,D
Male,Rejected,D
Male,Rejected,D
Male,Rejected,D
Male,Rejected,D
Male,Rejected,D
Male,Rejected,D
Male,Rejected,D
Male,Rejected,D
Male,Rejected,D
Male,Rejected,D
Male,Rejected,D
Male,Rejected,D
Male,Rejected,D
Male,Rejected,D
Male,Rejected,D
Male,Rejected,D
Male,Rejected,D
Male,Rejected,D
Male,Rejected,D
Male,Rejected,D
Male,Rejected,D
Male,Rejected,D
Male,Rejected,D
Male,Rejected,D
Male,Rejected,D
Male,Rejected,D
Male,Rejected,D
Male,Rejected,D
Male,Rejected,D
Male,Rejected,D
Male,Rejected,D
Male,Rejected,D
Male,Rejected,D
Male,Rejected,D
Male,Rejected,D
Male,Rejected,D
Male,Rejected,D
Male,Rejected,D
Male,Rejected,D
Male,Rejected,D
Male,Rejected,D
Male,Rejected,D
Male,Rejected,D
Male,Rejected,D
Male,Rejected,D
Male,Rejected,D
Male,Rejected,D
Male,Rejected,D
Male,Rejected,D
Male,Rejected,D
Male,Rejected,D
Male,Rejected,D
Male,Rejected,D
Male,Rejected,D
Male,Rejected,D
Male,Rejected,D
Male,Rejected,D
Male,Rejected,D
Male,Rejected,D
Male,Rejected,D
Male,Rejected,D
Male,Rejected,D
Male,Rejected,D
Male,Rejected,D
Male,Rejected,D
Male,Rejected,D
Male,Rejected,D
Male,Rejected,D
Male,Rejected,D
Male,Rejected,D
Male,Rejected,D
Male,Rejected,D
Male,Rejected,D
Male,Rejected,D
Male,Rejected,D
Male,Rejected,D
Male,Rejected,D
Male,Rejected,D
Male,Rejected,D
Male,Rejected,D
Male,Rejected,D
Male,Rejected,D
Male,Rejected,D
Male,Rejected,D
Male,Rejected,D
Male,Rejected,D
Male,Rejected,D
Male,Rejected,D
Male,Rejected,D
Male,Rejected,D
Male,Rejected,D
Male,Rejected,D
Male,Rejected,D
Male,Rejected,D
Male,Rejected,D
Male,Rejected,D
Male,Rejected,D
Male,Rejected,D
Male,Rejected,D
Male,Rejected,D
Male,Rejected,D
Male,Rejected,D
Male,Rejected,D
Male,Rejected,D
Male,Rejected,D
Male,Rejected,D
Male,Rejected,D
Male,Rejected,D
Male,Rejected,D
Male,Rejected,D
Male,Rejected,D
Male,Rejected,D
Male,Rejected,D
Male,Rejected,D
Male,Rejected,D
Male,Rejected,D
Male,Rejected,D
Male,Rejected,D
Male,Rejected,D
Male,Rejected,D
Male,Rejected,D
Male,Rejected,D
Male,Rejected,D
Male,Rejected,D
Male,Rejected,D
Male,Rejected,D
Male,Rejected,D
Male,Rejected,D
Male,Rejected,D
Male,Rejected,D
Male,Rejected,D
Male,Rejected,D
Male,Rejected,D
Male,Rejected,D
Male,Rejected,D
Male,Rejected,D
Male,Rejected,D
Male,Rejected,D
Male,Rejected,D
Male,Rejected,D
Male,Rejected,D
Male,Rejected,D
Male,Rejected,D
Male,Rejected,D
Female,Rejected,D
Female,Rejected,D
Female,Rejected,D
Female,Rejected,D
Female,Rejected,D
Female,Rejected,D
Female,Rejected,D
Female,Rejected,D
Female,Rejected,D
Female,Rejected,D
Female,Rejected,D
Female,Rejected,D
Female,Rejected,D
Female,Rejected,D
Female,Rejected,D
Female,Rejected,D
Female,Rejected,D
Female,Rejected,D
Female,Rejected,D
Female,Rejected,D
Female,Rejected,D
Female,Rejected,D
Female,Rejected,D
Female,Rejected,D
Female,Rejected,D
Female,Rejected,D
Female,Rejected,D
Female,Rejected,D
Female,Rejected,D
Female,Rejected,D
Female,Rejected,D
Female,Rejected,D
Female,Rejected,D
Female,Rejected,D
Female,Rejected,D
Female,Rejected,D
Female,Rejected,D
Female,Rejected,D
Female,Rejected,D
Female,Rejected,D
Female,Rejected,D
Female,Rejected,D
Female,Rejected,D
Female,Rejected,D
Female,Rejected,D
Female,Rejected,D
Female,Rejected,D
Female,Rejected,D
Female,Rejected,D
Female,Rejected,D
Female,Rejected,D
Female,Rejected,D
Female,Rejected,D
Female,Rejected,D
Female,Rejected,D
Female,Rejected,D
Female,Rejected,D
Female,Rejected,D
Female,Rejected,D
Female,Rejected,D
Female,Rejected,D
Female,Rejected,D
Female,Rejected,D
Female,Rejected,D
Female,Rejected,D
Female,Rejected,D
Female,Rejected,D
Female,Rejected,D
Female,Rejected,D
Female,Rejected,D
Female,Rejected,D
Female,Rejected,D
Female,Rejected,D
Female,Rejected,D
Female,Rejected,D
Female,Rejected,D
Female,Rejected,D
Female,Rejected,D
Female,Rejected,D
Female,Rejected,D
Female,Rejected,D
Female,Rejected,D
Female,Rejected,D
Female,Rejected,D
Female,Rejected,D
Female,Rejected,D
Female,Rejected,D
Female,Rejected,D
Female,Rejected,D
Female,Rejected,D
Female,Rejected,D
Female,Rejected,D
Female,Rejected,D
Female,Rejected,D
Female,Rejected,D
Female,Rejected,D
Female,Rejected,D
Female,Rejected,D
Female,Rejected,D
Female,Rejected,D
Female,Rejected,D
Female,Rejected,D
Female,Rejected,D
Female,Rejected,D
Female,Rejected,D
Female,Rejected,D
Female,Rejected,D
Female,Rejected,D
Female,Rejected,D
Female,Rejected,D
Female,Rejected,D
Female,Rejected,D
Female,Rejected,D
Female,Rejected,D
Female,Rejected,D
Female,Rejected,D
Female,Rejected,D
Female,Rejected,D
Female,Rejected,D
Female,Rejected,D
Female,Rejected,D
Female,Rejected,D
Female,Rejected,D
Female,Rejected,D
Female,Rejected,D
Female,Rejected,D
Female,Rejected,D
Female,Rejected,D
Female,Rejected,D
Female,Rejected,D
Female,Rejected,D
Female,Rejected,D
Female,Rejected,D
Female,Rejected,D
Female,Rejected,D
Female,Rejected,D
Female,Rejected,D
Female,Rejected,D
Female,Rejected,D
Female,Rejected,D
Female,Rejected,D
Female,Rejected,D
Female,Rejected,D
Female,Rejected,D
Female,Rejected,D
Female,Rejected,D
Female,Rejected,D
Female,Rejected,D
Female,Rejected,D
Female,Rejected,D
Female,Rejected,D
Female,Rejected,D
Female,Rejected,D
Female,Rejected,D
Female,Rejected,D
Female,Rejected,D
Female,Rejected,D
Female,Rejected,D
Female,Rejected,D
Female,Rejected,D
Female,Rejected,D
Female,Rejected,D
Female,Rejected,D
Female,Rejected,D
Female,Rejected,D
Female,Rejected,D
Female,Rejected,D
Female,Rejected,D
Female,Rejected,D
Female,Rejected,D
Female,Rejected,D
Female,Rejected,D
Female,Rejected,D
Female,Rejected,D
Female,Rejected,D
Female,Rejected,D
Female,Rejected,D
Female,Rejected,D
Female,Rejected,D
Female,Rejected,D
Female,Rejected,D
Female,Rejected,D
Female,Rejected,D
Female,Rejected,D
Female,Rejected,D
Female,Rejected,D
Female,Rejected,D
Female,Rejected,D
Female,Rejected,D
Female,Rejected,D
Female,Rejected,D
Female,Rejected,D
Female,Rejected,D
Female,Rejected,D
Female,Rejected,D
Female,Rejected,D
Female,Rejected,D
Female,Rejected,D
Female,Rejected,D
Female,Rejected,D
Female,Rejected,D
Female,Rejected,D
Female,Rejected,D
Female,Rejected,D
Female,Rejected,D
Female,Rejected,D
Female,Rejected,D
Female,Rejected,D
Female,Rejected,D
Female,Rejected,D
Female,Rejected,D
Female,Rejected,D
Female,Rejected,D
Female,Rejected,D
Female,Rejected,D
Female,Rejected,D
Female,Rejected,D
Female,Rejected,D
Female,Rejected,D
Female,Rejected,D
Female,Rejected,D
Female,Rejected,D
Female,Rejected,D
Female,Rejected,D
Female,Rejected,D
Female,Rejected,D
Female,Rejected,D
Female,Rejected,D
Female,Rejected,D
Female,Rejected,D
Female,Rejected,D
Female,Rejected,D
Female,Rejected,D
Female,Rejected,D
Female,Rejected,D
Female,Rejected,D
Female,Rejected,D
Female,Rejected,D
Female,Rejected,D
Female,Rejected,D
Female,Rejected,D
Female,Rejected,D
Female,Rejected,D
Female,Rejected,D
Male,Admitted,E
Male,Admitted,E
Male,Admitted,E
Male,Admitted,E
Male,Admitted,E
Male,Admitted,E
Male,Admitted,E
Male,Admitted,E
Male,Admitted,E
Male,Admitted,E
Male,Admitted,E
Male,Admitted,E
Male,Admitted,E
Male,Admitted,E
Male,Admitted,E
Male,Admitted,E
Male,Admitted,E
Male,Admitted,E
Male,Admitted,E
Male,Admitted,E
Male,Admitted,E
Male,Admitted,E
Male,Admitted,E
Male,Admitted,E
Male,Admitted,E
Male,Admitted,E
Male,Admitted,E
Male,Admitted,E
Male,Admitted,E
Male,Admitted,E
Male,Admitted,E
Male,Admitted,E
Male,Admitted,E
Male,Admitted,E
Male,Admitted,E
Male,Admitted,E
Male,Admitted,E
Male,Admitted,E
Male,Admitted,E
Male,Admitted,E
Male,Admitted,E
Male,Admitted,E
Male,Admitted,E
Male,Admitted,E
Male,Admitted,E
Male,Admitted,E
Male,Admitted,E
Male,Admitted,E
Male,Admitted,E
Male,Admitted,E
Male,Admitted,E
Male,Admitted,E
Male,Admitted,E
Female,Admitted,E
Female,Admitted,E
Female,Admitted,E
Female,Admitted,E
Female,Admitted,E
Female,Admitted,E
Female,Admitted,E
Female,Admitted,E
Female,Admitted,E
Female,Admitted,E
Female,Admitted,E
Female,Admitted,E
Female,Admitted,E
Female,Admitted,E
Female,Admitted,E
Female,Admitted,E
Female,Admitted,E
Female,Admitted,E
Female,Admitted,E
Female,Admitted,E
Female,Admitted,E
Female,Admitted,E
Female,Admitted,E
Female,Admitted,E
Female,Admitted,E
Female,Admitted,E
Female,Admitted,E
Female,Admitted,E
Female,Admitted,E
Female,Admitted,E
Female,Admitted,E
Female,Admitted,E
Female,Admitted,E
Female,Admitted,E
Female,Admitted,E
Female,Admitted,E
Female,Admitted,E
Female,Admitted,E
Female,Admitted,E
Female,Admitted,E
Female,Admitted,E
Female,Admitted,E
Female,Admitted,E
Female,Admitted,E
Female,Admitted,E
Female,Admitted,E
Female,Admitted,E
Female,Admitted,E
Female,Admitted,E
Female,Admitted,E
Female,Admitted,E
Female,Admitted,E
Female,Admitted,E
Female,Admitted,E
Female,Admitted,E
Female,Admitted,E
Female,Admitted,E
Female,Admitted,E
Female,Admitted,E
Female,Admitted,E
Female,Admitted,E
Female,Admitted,E
Female,Admitted,E
Female,Admitted,E
Female,Admitted,E
Female,Admitted,E
Female,Admitted,E
Female,Admitted,E
Female,Admitted,E
Female,Admitted,E
Female,Admitted,E
Female,Admitted,E
Female,Admitted,E
Female,Admitted,E
Female,Admitted,E
Female,Admitted,E
Female,Admitted,E
Female,Admitted,E
Female,Admitted,E
Female,Admitted,E
Female,Admitted,E
Female,Admitted,E
Female,Admitted,E
Female,Admitted,E
Female,Admitted,E
Female,Admitted,E
Female,Admitted,E
Female,Admitted,E
Female,Admitted,E
Female,Admitted,E
Female,Admitted,E
Female,Admitted,E
Female,Admitted,E
Female,Admitted,E
Male,Rejected,E
Male,Rejected,E
Male,Rejected,E
Male,Rejected,E
Male,Rejected,E
Male,Rejected,E
Male,Rejected,E
Male,Rejected,E
Male,Rejected,E
Male,Rejected,E
Male,Rejected,E
Male,Rejected,E
Male,Rejected,E
Male,Rejected,E
Male,Rejected,E
Male,Rejected,E
Male,Rejected,E
Male,Rejected,E
Male,Rejected,E
Male,Rejected,E
Male,Rejected,E
Male,Rejected,E
Male,Rejected,E
Male,Rejected,E
Male,Rejected,E
Male,Rejected,E
Male,Rejected,E
Male,Rejected,E
Male,Rejected,E
Male,Rejected,E
Male,Rejected,E
Male,Rejected,E
Male,Rejected,E
Male,Rejected,E
Male,Rejected,E
Male,Rejected,E
Male,Rejected,E
Male,Rejected,E
Male,Rejected,E
Male,Rejected,E
Male,Rejected,E
Male,Rejected,E
Male,Rejected,E
Male,Rejected,E
Male,Rejected,E
Male,Rejected,E
Male,Rejected,E
Male,Rejected,E
Male,Rejected,E
Male,Rejected,E
Male,Rejected,E
Male,Rejected,E
Male,Rejected,E
Male,Rejected,E
Male,Rejected,E
Male,Rejected,E
Male,Rejected,E
Male,Rejected,E
Male,Rejected,E
Male,Rejected,E
Male,Rejected,E
Male,Rejected,E
Male,Rejected,E
Male,Rejected,E
Male,Rejected,E
Male,Rejected,E
Male,Rejected,E
Male,Rejected,E
Male,Rejected,E
Male,Rejected,E
Male,Rejected,E
Male,Rejected,E
Male,Rejected,E
Male,Rejected,E
Male,Rejected,E
Male,Rejected,E
Male,Rejected,E
Male,Rejected,E
Male,Rejected,E
Male,Rejected,E
Male,Rejected,E
Male,Rejected,E
Male,Rejected,E
Male,Rejected,E
Male,Rejected,E
Male,Rejected,E
Male,Rejected,E
Male,Rejected,E
Male,Rejected,E
Male,Rejected,E
Male,Rejected,E
Male,Rejected,E
Male,Rejected,E
Male,Rejected,E
Male,Rejected,E
Male,Rejected,E
Male,Rejected,E
Male,Rejected,E
Male,Rejected,E
Male,Rejected,E
Male,Rejected,E
Male,Rejected,E
Male,Rejected,E
Male,Rejected,E
Male,Rejected,E
Male,Rejected,E
Male,Rejected,E
Male,Rejected,E
Male,Rejected,E
Male,Rejected,E
Male,Rejected,E
Male,Rejected,E
Male,Rejected,E
Male,Rejected,E
Male,Rejected,E
Male,Rejected,E
Male,Rejected,E
Male,Rejected,E
Male,Rejected,E
Male,Rejected,E
Male,Rejected,E
Male,Rejected,E
Male,Rejected,E
Male,Rejected,E
Male,Rejected,E
Male,Rejected,E
Male,Rejected,E
Male,Rejected,E
Male,Rejected,E
Male,Rejected,E
Male,Rejected,E
Male,Rejected,E
Male,Rejected,E
Male,Rejected,E
Male,Rejected,E
Male,Rejected,E
Male,Rejected,E
Male,Rejected,E
Female,Rejected,E
Female,Rejected,E
Female,Rejected,E
Female,Rejected,E
Female,Rejected,E
Female,Rejected,E
Female,Rejected,E
Female,Rejected,E
Female,Rejected,E
Female,Rejected,E
Female,Rejected,E
Female,Rejected,E
Female,Rejected,E
Female,Rejected,E
Female,Rejected,E
Female,Rejected,E
Female,Rejected,E
Female,Rejected,E
Female,Rejected,E
Female,Rejected,E
Female,Rejected,E
Female,Rejected,E
Female,Rejected,E
Female,Rejected,E
Female,Rejected,E
Female,Rejected,E
Female,Rejected,E
Female,Rejected,E
Female,Rejected,E
Female,Rejected,E
Female,Rejected,E
Female,Rejected,E
Female,Rejected,E
Female,Rejected,E
Female,Rejected,E
Female,Rejected,E
Female,Rejected,E
Female,Rejected,E
Female,Rejected,E
Female,Rejected,E
Female,Rejected,E
Female,Rejected,E
Female,Rejected,E
Female,Rejected,E
Female,Rejected,E
Female,Rejected,E
Female,Rejected,E
Female,Rejected,E
Female,Rejected,E
Female,Rejected,E
Female,Rejected,E
Female,Rejected,E
Female,Rejected,E
Female,Rejected,E
Female,Rejected,E
Female,Rejected,E
Female,Rejected,E
Female,Rejected,E
Female,Rejected,E
Female,Rejected,E
Female,Rejected,E
Female,Rejected,E
Female,Rejected,E
Female,Rejected,E
Female,Rejected,E
Female,Rejected,E
Female,Rejected,E
Female,Rejected,E
Female,Rejected,E
Female,Rejected,E
Female,Rejected,E
Female,Rejected,E
Female,Rejected,E
Female,Rejected,E
Female,Rejected,E
Female,Rejected,E
Female,Rejected,E
Female,Rejected,E
Female,Rejected,E
Female,Rejected,E
Female,Rejected,E
Female,Rejected,E
Female,Rejected,E
Female,Rejected,E
Female,Rejected,E
Female,Rejected,E
Female,Rejected,E
Female,Rejected,E
Female,Rejected,E
Female,Rejected,E
Female,Rejected,E
Female,Rejected,E
Female,Rejected,E
Female,Rejected,E
Female,Rejected,E
Female,Rejected,E
Female,Rejected,E
Female,Rejected,E
Female,Rejected,E
Female,Rejected,E
Female,Rejected,E
Female,Rejected,E
Female,Rejected,E
Female,Rejected,E
Female,Rejected,E
Female,Rejected,E
Female,Rejected,E
Female,Rejected,E
Female,Rejected,E
Female,Rejected,E
Female,Rejected,E
Female,Rejected,E
Female,Rejected,E
Female,Rejected,E
Female,Rejected,E
Female,Rejected,E
Female,Rejected,E
Female,Rejected,E
Female,Rejected,E
Female,Rejected,E
Female,Rejected,E
Female,Rejected,E
Female,Rejected,E
Female,Rejected,E
Female,Rejected,E
Female,Rejected,E
Female,Rejected,E
Female,Rejected,E
Female,Rejected,E
Female,Rejected,E
Female,Rejected,E
Female,Rejected,E
Female,Rejected,E
Female,Rejected,E
Female,Rejected,E
Female,Rejected,E
Female,Rejected,E
Female,Rejected,E
Female,Rejected,E
Female,Rejected,E
Female,Rejected,E
Female,Rejected,E
Female,Rejected,E
Female,Rejected,E
Female,Rejected,E
Female,Rejected,E
Female,Rejected,E
Female,Rejected,E
Female,Rejected,E
Female,Rejected,E
Female,Rejected,E
Female,Rejected,E
Female,Rejected,E
Female,Rejected,E
Female,Rejected,E
Female,Rejected,E
Female,Rejected,E
Female,Rejected,E
Female,Rejected,E
Female,Rejected,E
Female,Rejected,E
Female,Rejected,E
Female,Rejected,E
Female,Rejected,E
Female,Rejected,E
Female,Rejected,E
Female,Rejected,E
Female,Rejected,E
Female,Rejected,E
Female,Rejected,E
Female,Rejected,E
Female,Rejected,E
Female,Rejected,E
Female,Rejected,E
Female,Rejected,E
Female,Rejected,E
Female,Rejected,E
Female,Rejected,E
Female,Rejected,E
Female,Rejected,E
Female,Rejected,E
Female,Rejected,E
Female,Rejected,E
Female,Rejected,E
Female,Rejected,E
Female,Rejected,E
Female,Rejected,E
Female,Rejected,E
Female,Rejected,E
Female,Rejected,E
Female,Rejected,E
Female,Rejected,E
Female,Rejected,E
Female,Rejected,E
Female,Rejected,E
Female,Rejected,E
Female,Rejected,E
Female,Rejected,E
Female,Rejected,E
Female,Rejected,E
Female,Rejected,E
Female,Rejected,E
Female,Rejected,E
Female,Rejected,E
Female,Rejected,E
Female,Rejected,E
Female,Rejected,E
Female,Rejected,E
Female,Rejected,E
Female,Rejected,E
Female,Rejected,E
Female,Rejected,E
Female,Rejected,E
Female,Rejected,E
Female,Rejected,E
Female,Rejected,E
Female,Rejected,E
Female,Rejected,E
Female,Rejected,E
Female,Rejected,E
Female,Rejected,E
Female,Rejected,E
Female,Rejected,E
Female,Rejected,E
Female,Rejected,E
Female,Rejected,E
Female,Rejected,E
Female,Rejected,E
Female,Rejected,E
Female,Rejected,E
Female,Rejected,E
Female,Rejected,E
Female,Rejected,E
Female,Rejected,E
Female,Rejected,E
Female,Rejected,E
Female,Rejected,E
Female,Rejected,E
Female,Rejected,E
Female,Rejected,E
Female,Rejected,E
Female,Rejected,E
Female,Rejected,E
Female,Rejected,E
Female,Rejected,E
Female,Rejected,E
Female,Rejected,E
Female,Rejected,E
Female,Rejected,E
Female,Rejected,E
Female,Rejected,E
Female,Rejected,E
Female,Rejected,E
Female,Rejected,E
Female,Rejected,E
Female,Rejected,E
Female,Rejected,E
Female,Rejected,E
Female,Rejected,E
Female,Rejected,E
Female,Rejected,E
Female,Rejected,E
Female,Rejected,E
Female,Rejected,E
Female,Rejected,E
Female,Rejected,E
Female,Rejected,E
Female,Rejected,E
Female,Rejected,E
Female,Rejected,E
Female,Rejected,E
Female,Rejected,E
Female,Rejected,E
Female,Rejected,E
Female,Rejected,E
Female,Rejected,E
Female,Rejected,E
Female,Rejected,E
Female,Rejected,E
Female,Rejected,E
Female,Rejected,E
Female,Rejected,E
Female,Rejected,E
Female,Rejected,E
Female,Rejected,E
Female,Rejected,E
Female,Rejected,E
Female,Rejected,E
Female,Rejected,E
Female,Rejected,E
Female,Rejected,E
Female,Rejected,E
Female,Rejected,E
Female,Rejected,E
Female,Rejected,E
Female,Rejected,E
Female,Rejected,E
Female,Rejected,E
Female,Rejected,E
Male,Admitted,F
Male,Admitted,F
Male,Admitted,F
Male,Admitted,F
Male,Admitted,F
Male,Admitted,F
Male,Admitted,F
Male,Admitted,F
Male,Admitted,F
Male,Admitted,F
Male,Admitted,F
Male,Admitted,F
Male,Admitted,F
Male,Admitted,F
Male,Admitted,F
Male,Admitted,F
Male,Admitted,F
Male,Admitted,F
Male,Admitted,F
Male,Admitted,F
Male,Admitted,F
Male,Admitted,F
Female,Admitted,F
Female,Admitted,F
Female,Admitted,F
Female,Admitted,F
Female,Admitted,F
Female,Admitted,F
Female,Admitted,F
Female,Admitted,F
Female,Admitted,F
Female,Admitted,F
Female,Admitted,F
Female,Admitted,F
Female,Admitted,F
Female,Admitted,F
Female,Admitted,F
Female,Admitted,F
Female,Admitted,F
Female,Admitted,F
Female,Admitted,F
Female,Admitted,F
Female,Admitted,F
Female,Admitted,F
Female,Admitted,F
Female,Admitted,F
Male,Rejected,F
Male,Rejected,F
Male,Rejected,F
Male,Rejected,F
Male,Rejected,F
Male,Rejected,F
Male,Rejected,F
Male,Rejected,F
Male,Rejected,F
Male,Rejected,F
Male,Rejected,F
Male,Rejected,F
Male,Rejected,F
Male,Rejected,F
Male,Rejected,F
Male,Rejected,F
Male,Rejected,F
Male,Rejected,F
Male,Rejected,F
Male,Rejected,F
Male,Rejected,F
Male,Rejected,F
Male,Rejected,F
Male,Rejected,F
Male,Rejected,F
Male,Rejected,F
Male,Rejected,F
Male,Rejected,F
Male,Rejected,F
Male,Rejected,F
Male,Rejected,F
Male,Rejected,F
Male,Rejected,F
Male,Rejected,F
Male,Rejected,F
Male,Rejected,F
Male,Rejected,F
Male,Rejected,F
Male,Rejected,F
Male,Rejected,F
Male,Rejected,F
Male,Rejected,F
Male,Rejected,F
Male,Rejected,F
Male,Rejected,F
Male,Rejected,F
Male,Rejected,F
Male,Rejected,F
Male,Rejected,F
Male,Rejected,F
Male,Rejected,F
Male,Rejected,F
Male,Rejected,F
Male,Rejected,F
Male,Rejected,F
Male,Rejected,F
Male,Rejected,F
Male,Rejected,F
Male,Rejected,F
Male,Rejected,F
Male,Rejected,F
Male,Rejected,F
Male,Rejected,F
Male,Rejected,F
Male,Rejected,F
Male,Rejected,F
Male,Rejected,F
Male,Rejected,F
Male,Rejected,F
Male,Rejected,F
Male,Rejected,F
Male,Rejected,F
Male,Rejected,F
Male,Rejected,F
Male,Rejected,F
Male,Rejected,F
Male,Rejected,F
Male,Rejected,F
Male,Rejected,F
Male,Rejected,F
Male,Rejected,F
Male,Rejected,F
Male,Rejected,F
Male,Rejected,F
Male,Rejected,F
Male,Rejected,F
Male,Rejected,F
Male,Rejected,F
Male,Rejected,F
Male,Rejected,F
Male,Rejected,F
Male,Rejected,F
Male,Rejected,F
Male,Rejected,F
Male,Rejected,F
Male,Rejected,F
Male,Rejected,F
Male,Rejected,F
Male,Rejected,F
Male,Rejected,F
Male,Rejected,F
Male,Rejected,F
Male,Rejected,F
Male,Rejected,F
Male,Rejected,F
Male,Rejected,F
Male,Rejected,F
Male,Rejected,F
Male,Rejected,F
Male,Rejected,F
Male,Rejected,F
Male,Rejected,F
Male,Rejected,F
Male,Rejected,F
Male,Rejected,F
Male,Rejected,F
Male,Rejected,F
Male,Rejected,F
Male,Rejected,F
Male,Rejected,F
Male,Rejected,F
Male,Rejected,F
Male,Rejected,F
Male,Rejected,F
Male,Rejected,F
Male,Rejected,F
Male,Rejected,F
Male,Rejected,F
Male,Rejected,F
Male,Rejected,F
Male,Rejected,F
Male,Rejected,F
Male,Rejected,F
Male,Rejected,F
Male,Rejected,F
Male,Rejected,F
Male,Rejected,F
Male,Rejected,F
Male,Rejected,F
Male,Rejected,F
Male,Rejected,F
Male,Rejected,F
Male,Rejected,F
Male,Rejected,F
Male,Rejected,F
Male,Rejected,F
Male,Rejected,F
Male,Rejected,F
Male,Rejected,F
Male,Rejected,F
Male,Rejected,F
Male,Rejected,F
Male,Rejected,F
Male,Rejected,F
Male,Rejected,F
Male,Rejected,F
Male,Rejected,F
Male,Rejected,F
Male,Rejected,F
Male,Rejected,F
Male,Rejected,F
Male,Rejected,F
Male,Rejected,F
Male,Rejected,F
Male,Rejected,F
Male,Rejected,F
Male,Rejected,F
Male,Rejected,F
Male,Rejected,F
Male,Rejected,F
Male,Rejected,F
Male,Rejected,F
Male,Rejected,F
Male,Rejected,F
Male,Rejected,F
Male,Rejected,F
Male,Rejected,F
Male,Rejected,F
Male,Rejected,F
Male,Rejected,F
Male,Rejected,F
Male,Rejected,F
Male,Rejected,F
Male,Rejected,F
Male,Rejected,F
Male,Rejected,F
Male,Rejected,F
Male,Rejected,F
Male,Rejected,F
Male,Rejected,F
Male,Rejected,F
Male,Rejected,F
Male,Rejected,F
Male,Rejected,F
Male,Rejected,F
Male,Rejected,F
Male,Rejected,F
Male,Rejected,F
Male,Rejected,F
Male,Rejected,F
Male,Rejected,F
Male,Rejected,F
Male,Rejected,F
Male,Rejected,F
Male,Rejected,F
Male,Rejected,F
Male,Rejected,F
Male,Rejected,F
Male,Rejected,F
Male,Rejected,F
Male,Rejected,F
Male,Rejected,F
Male,Rejected,F
Male,Rejected,F
Male,Rejected,F
Male,Rejected,F
Male,Rejected,F
Male,Rejected,F
Male,Rejected,F
Male,Rejected,F
Male,Rejected,F
Male,Rejected,F
Male,Rejected,F
Male,Rejected,F
Male,Rejected,F
Male,Rejected,F
Male,Rejected,F
Male,Rejected,F
Male,Rejected,F
Male,Rejected,F
Male,Rejected,F
Male,Rejected,F
Male,Rejected,F
Male,Rejected,F
Male,Rejected,F
Male,Rejected,F
Male,Rejected,F
Male,Rejected,F
Male,Rejected,F
Male,Rejected,F
Male,Rejected,F
Male,Rejected,F
Male,Rejected,F
Male,Rejected,F
Male,Rejected,F
Male,Rejected,F
Male,Rejected,F
Male,Rejected,F
Male,Rejected,F
Male,Rejected,F
Male,Rejected,F
Male,Rejected,F
Male,Rejected,F
Male,Rejected,F
Male,Rejected,F
Male,Rejected,F
Male,Rejected,F
Male,Rejected,F
Male,Rejected,F
Male,Rejected,F
Male,Rejected,F
Male,Rejected,F
Male,Rejected,F
Male,Rejected,F
Male,Rejected,F
Male,Rejected,F
Male,Rejected,F
Male,Rejected,F
Male,Rejected,F
Male,Rejected,F
Male,Rejected,F
Male,Rejected,F
Male,Rejected,F
Male,Rejected,F
Male,Rejected,F
Male,Rejected,F
Male,Rejected,F
Male,Rejected,F
Male,Rejected,F
Male,Rejected,F
Male,Rejected,F
Male,Rejected,F
Male,Rejected,F
Male,Rejected,F
Male,Rejected,F
Male,Rejected,F
Male,Rejected,F
Male,Rejected,F
Male,Rejected,F
Male,Rejected,F
Male,Rejected,F
Male,Rejected,F
Male,Rejected,F
Male,Rejected,F
Male,Rejected,F
Male,Rejected,F
Male,Rejected,F
Male,Rejected,F
Male,Rejected,F
Male,Rejected,F
Male,Rejected,F
Male,Rejected,F
Male,Rejected,F
Male,Rejected,F
Male,Rejected,F
Male,Rejected,F
Male,Rejected,F
Male,Rejected,F
Male,Rejected,F
Male,Rejected,F
Male,Rejected,F
Male,Rejected,F
Male,Rejected,F
Male,Rejected,F
Male,Rejected,F
Male,Rejected,F
Male,Rejected,F
Male,Rejected,F
Male,Rejected,F
Male,Rejected,F
Male,Rejected,F
Male,Rejected,F
Male,Rejected,F
Male,Rejected,F
Male,Rejected,F
Male,Rejected,F
Male,Rejected,F
Male,Rejected,F
Male,Rejected,F
Male,Rejected,F
Male,Rejected,F
Male,Rejected,F
Male,Rejected,F
Male,Rejected,F
Male,Rejected,F
Male,Rejected,F
Male,Rejected,F
Male,Rejected,F
Male,Rejected,F
Male,Rejected,F
Male,Rejected,F
Male,Rejected,F
Male,Rejected,F
Male,Rejected,F
Male,Rejected,F
Male,Rejected,F
Male,Rejected,F
Male,Rejected,F
Male,Rejected,F
Male,Rejected,F
Male,Rejected,F
Female,Rejected,F
Female,Rejected,F
Female,Rejected,F
Female,Rejected,F
Female,Rejected,F
Female,Rejected,F
Female,Rejected,F
Female,Rejected,F
Female,Rejected,F
Female,Rejected,F
Female,Rejected,F
Female,Rejected,F
Female,Rejected,F
Female,Rejected,F
Female,Rejected,F
Female,Rejected,F
Female,Rejected,F
Female,Rejected,F
Female,Rejected,F
Female,Rejected,F
Female,Rejected,F
Female,Rejected,F
Female,Rejected,F
Female,Rejected,F
Female,Rejected,F
Female,Rejected,F
Female,Rejected,F
Female,Rejected,F
Female,Rejected,F
Female,Rejected,F
Female,Rejected,F
Female,Rejected,F
Female,Rejected,F
Female,Rejected,F
Female,Rejected,F
Female,Rejected,F
Female,Rejected,F
Female,Rejected,F
Female,Rejected,F
Female,Rejected,F
Female,Rejected,F
Female,Rejected,F
Female,Rejected,F
Female,Rejected,F
Female,Rejected,F
Female,Rejected,F
Female,Rejected,F
Female,Rejected,F
Female,Rejected,F
Female,Rejected,F
Female,Rejected,F
Female,Rejected,F
Female,Rejected,F
Female,Rejected,F
Female,Rejected,F
Female,Rejected,F
Female,Rejected,F
Female,Rejected,F
Female,Rejected,F
Female,Rejected,F
Female,Rejected,F
Female,Rejected,F
Female,Rejected,F
Female,Rejected,F
Female,Rejected,F
Female,Rejected,F
Female,Rejected,F
Female,Rejected,F
Female,Rejected,F
Female,Rejected,F
Female,Rejected,F
Female,Rejected,F
Female,Rejected,F
Female,Rejected,F
Female,Rejected,F
Female,Rejected,F
Female,Rejected,F
Female,Rejected,F
Female,Rejected,F
Female,Rejected,F
Female,Rejected,F
Female,Rejected,F
Female,Rejected,F
Female,Rejected,F
Female,Rejected,F
Female,Rejected,F
Female,Rejected,F
Female,Rejected,F
Female,Rejected,F
Female,Rejected,F
Female,Rejected,F
Female,Rejected,F
Female,Rejected,F
Female,Rejected,F
Female,Rejected,F
Female,Rejected,F
Female,Rejected,F
Female,Rejected,F
Female,Rejected,F
Female,Rejected,F
Female,Rejected,F
Female,Rejected,F
Female,Rejected,F
Female,Rejected,F
Female,Rejected,F
Female,Rejected,F
Female,Rejected,F
Female,Rejected,F
Female,Rejected,F
Female,Rejected,F
Female,Rejected,F
Female,Rejected,F
Female,Rejected,F
Female,Rejected,F
Female,Rejected,F
Female,Rejected,F
Female,Rejected,F
Female,Rejected,F
Female,Rejected,F
Female,Rejected,F
Female,Rejected,F
Female,Rejected,F
Female,Rejected,F
Female,Rejected,F
Female,Rejected,F
Female,Rejected,F
Female,Rejected,F
Female,Rejected,F
Female,Rejected,F
Female,Rejected,F
Female,Rejected,F
Female,Rejected,F
Female,Rejected,F
Female,Rejected,F
Female,Rejected,F
Female,Rejected,F
Female,Rejected,F
Female,Rejected,F
Female,Rejected,F
Female,Rejected,F
Female,Rejected,F
Female,Rejected,F
Female,Rejected,F
Female,Rejected,F
Female,Rejected,F
Female,Rejected,F
Female,Rejected,F
Female,Rejected,F
Female,Rejected,F
Female,Rejected,F
Female,Rejected,F
Female,Rejected,F
Female,Rejected,F
Female,Rejected,F
Female,Rejected,F
Female,Rejected,F
Female,Rejected,F
Female,Rejected,F
Female,Rejected,F
Female,Rejected,F
Female,Rejected,F
Female,Rejected,F
Female,Rejected,F
Female,Rejected,F
Female,Rejected,F
Female,Rejected,F
Female,Rejected,F
Female,Rejected,F
Female,Rejected,F
Female,Rejected,F
Female,Rejected,F
Female,Rejected,F
Female,Rejected,F
Female,Rejected,F
Female,Rejected,F
Female,Rejected,F
Female,Rejected,F
Female,Rejected,F
Female,Rejected,F
Female,Rejected,F
Female,Rejected,F
Female,Rejected,F
Female,Rejected,F
Female,Rejected,F
Female,Rejected,F
Female,Rejected,F
Female,Rejected,F
Female,Rejected,F
Female,Rejected,F
Female,Rejected,F
Female,Rejected,F
Female,Rejected,F
Female,Rejected,F
Female,Rejected,F
Female,Rejected,F
Female,Rejected,F
Female,Rejected,F
Female,Rejected,F
Female,Rejected,F
Female,Rejected,F
Female,Rejected,F
Female,Rejected,F
Female,Rejected,F
Female,Rejected,F
Female,Rejected,F
Female,Rejected,F
Female,Rejected,F
Female,Rejected,F
Female,Rejected,F
Female,Rejected,F
Female,Rejected,F
Female,Rejected,F
Female,Rejected,F
Female,Rejected,F
Female,Rejected,F
Female,Rejected,F
Female,Rejected,F
Female,Rejected,F
Female,Rejected,F
Female,Rejected,F
Female,Rejected,F
Female,Rejected,F
Female,Rejected,F
Female,Rejected,F
Female,Rejected,F
Female,Rejected,F
Female,Rejected,F
Female,Rejected,F
Female,Rejected,F
Female,Rejected,F
Female,Rejected,F
Female,Rejected,F
Female,Rejected,F
Female,Rejected,F
Female,Rejected,F
Female,Rejected,F
Female,Rejected,F
Female,Rejected,F
Female,Rejected,F
Female,Rejected,F
Female,Rejected,F
Female,Rejected,F
Female,Rejected,F
Female,Rejected,F
Female,Rejected,F
Female,Rejected,F
Female,Rejected,F
Female,Rejected,F
Female,Rejected,F
Female,Rejected,F
Female,Rejected,F
Female,Rejected,F
Female,Rejected,F
Female,Rejected,F
Female,Rejected,F
Female,Rejected,F
Female,Rejected,F
Female,Rejected,F
Female,Rejected,F
Female,Rejected,F
Female,Rejected,F
Female,Rejected,F
Female,Rejected,F
Female,Rejected,F
Female,Rejected,F
Female,Rejected,F
Female,Rejected,F
Female,Rejected,F
Female,Rejected,F
Female,Rejected,F
Female,Rejected,F
Female,Rejected,F
Female,Rejected,F
Female,Rejected,F
Female,Rejected,F
Female,Rejected,F
Female,Rejected,F
Female,Rejected,F
Female,Rejected,F
Female,Rejected,F
Female,Rejected,F
Female,Rejected,F
Female,Rejected,F
Female,Rejected,F
Female,Rejected,F
Female,Rejected,F
Female,Rejected,F
Female,Rejected,F
Female,Rejected,F
Female,Rejected,F
Female,Rejected,F
Female,Rejected,F
Female,Rejected,F
Female,Rejected,F
Female,Rejected,F
Female,Rejected,F
Female,Rejected,F
Female,Rejected,F
Female,Rejected,F
Female,Rejected,F
Female,Rejected,F
Female,Rejected,F
Female,Rejected,F
Female,Rejected,F
Female,Rejected,F
Female,Rejected,F
Female,Rejected,F
Female,Rejected,F
Female,Rejected,F
Female,Rejected,F
Female,Rejected,F
Female,Rejected,F
Female,Rejected,F
Female,Rejected,F
Female,Rejected,F
Female,Rejected,F
Female,Rejected,F
